gene,perm_importance_mean,perm_importance_std
GBP1,0.0019417997048223779,0.00021246500629465865
IRF1,0.0015773816413354957,0.0001849715336135665
ICAM1,0.0009334386453097477,0.00013636214843861595
MT2A,0.0009171516494249299,0.0001239505977481209
GBP2,0.0009030349790042136,0.000162183516497372
GBP4,0.000771782056629744,0.00012133400974849974
HSPA1A,0.0006391182280450769,6.383760956967127e-05
HLA-B,0.0006363871202025196,0.0001283201041778595
IDO1,0.0006335348416030451,7.805847089573461e-05
TMEM158,0.0005767719266116633,0.00013660949815885617
FKBP1A,0.0005387219837500457,0.00013930639223786663
TEX29,0.0004998693776452013,0.00016091958269212107
CLEC2B,0.0004924299726200565,0.00015644341230258203
ZFAS1,0.0004378549161440315,0.00015928903773049162
CD74,0.0004252086460698301,0.00010127908431252994
NNMT,0.00039992634536959446,0.00011302456490466323
ISG20,0.0003818094529696392,0.00013101185775879614
KRT18,0.00037745804539416337,9.154638505586955e-05
AKR1B10,0.00035788264438745275,7.536921433129191e-05
PMAIP1,0.00035408226599410454,8.011651503361785e-05
CD7,0.000333124175424826,8.36901391440934e-05
SOD2,0.0003259583613254735,0.00011217702936235415
HSPB1,0.0003259227770630813,0.00011826915127749565
MALAT1,0.0003250277098764798,0.0001286798615759424
MT-ND2,0.0003041540171939361,9.305670472216464e-05
LRRC17,0.0002991011279726563,7.601223785533442e-05
PTGES,0.0002933710872319195,8.802086601859749e-05
CXCL11,0.0002841939046919539,8.65125518700916e-05
MTRNR2L12,0.00027847732570344117,7.298125030401032e-05
GBP5,0.00027610735911124393,7.86080789261101e-05
BST2,0.0002618979942418442,0.00013411960540404952
HLA-DRA,0.000261884519681832,5.692361296168672e-05
SAT1,0.0002471068921866104,8.62955132760369e-05
TFPI2,0.00024571936671478054,4.113194008936325e-05
IER5L,0.00024230870078003618,0.0001284815506747026
NFKBIA,0.00024138805803405327,9.040912535683421e-05
SPANXB1,0.00023051951723097598,0.0001015009216848031
FTH1,0.00022821479061747586,0.00013114848008214346
MT-ND3,0.00022607803699989937,0.00011139562109327805
MDK,0.00022013450180048412,5.759616915615913e-05
TIMP3,0.00021703487350427375,9.771106229031195e-05
ZC3HAV1,0.0002150789321440083,0.00011499068775977602
DIO2,0.00021498790859532103,0.00012374844366216015
CXCL10,0.0002134075901577326,0.0001160281052636436
FN1,0.00020593531646931896,5.6168703899279686e-05
MARCKSL1,0.00020493593481700766,0.00012142175137077239
HLA-DRB1,0.00020174723337246236,6.714505831954739e-05
PPP1R15A,0.00019831662408170692,4.8064709583337054e-05
SERPINE1,0.00019760922054583573,0.00010720597727967861
SOCS3,0.00019753964462150276,5.984343718969854e-05
NCL,0.0001957166458627202,0.0001229335958705288
HSP90AA1,0.00019455127166218,0.00010761533306032172
CLU,0.0001940785107351406,7.795663519689812e-05
APOBEC3G,0.00018999855052115322,0.00014080537191566824
NEAT1,0.00018808814642049532,0.00011883329457430888
SRGN,0.00018782625392762541,0.00011254812119074301
CAV1,0.0001865758070069612,8.292574265172261e-05
HLA-DPA1,0.0001859295956156526,8.447964452693476e-05
HIST1H1C,0.0001842975854124962,8.14722093903116e-05
CDKN1A,0.00018165582567623018,4.1709782762646804e-05
IGFBP2,0.00018125452036721335,7.054822595948424e-05
AKR1B1,0.0001799156521916423,0.00010288276470343673
H3F3B,0.00017714067959205825,9.871854224636944e-05
TPM1,0.0001770279449048062,5.969728176495518e-05
MT-ND5,0.00017292448926007343,0.0001152780537038752
CCPG1,0.0001637798884689956,7.431101268181616e-05
OSGIN1,0.00016295766239824428,6.34247347905408e-05
IL32,0.00015595001456951695,7.785930116921586e-05
CD55,0.00015538602059950168,6.35933176586706e-05
STMN1,0.00015344485615417235,0.0001233139889575901
RRM2,0.0001528217097416129,8.538002162791772e-05
BDNF,0.00014563811984181775,5.070829801640193e-05
EDN1,0.00014433520923251564,4.108436636914133e-05
CDKN2B,0.0001430056699150639,7.807207593521438e-05
HSPA5,0.00014242867318334796,0.00010626768572168324
SLC16A6,0.00014155748745807716,4.332615448245747e-05
HSPA1B,0.0001409430571380099,7.655742471751148e-05
MAP1LC3B,0.00013903574124047858,9.759840504380086e-05
TUBA1C,0.00013678087082270586,9.177571569562667e-05
CCDC71L,0.00013530753019667108,7.781615306284333e-05
IGFBP7,0.0001352325588960257,9.390967363428723e-05
GCLC,0.0001337526544843648,7.261657746897689e-05
OASL,0.00012794153121591377,7.009853247034373e-05
ID3,0.000127046780120732,6.481377211001835e-05
MUCL1,0.00012671831188161288,4.3001668463149475e-05
DUSP6,0.0001265489767286687,9.360709287326206e-05
STC1,0.00012637251040326092,8.403073480908282e-05
PHLDA2,0.00012614143544558142,6.360018923852207e-05
ANGPTL4,0.00012538376253148353,0.00010379813316278866
NOX5,0.00012503117018713983,5.2911324251564925e-05
KCNE4,0.00012473715187570899,7.032061754965335e-05
FAM167B,0.00012343288264703433,4.277938247604235e-05
JUND,0.00012327554829809627,7.609435792695077e-05
MT-ND1,0.00012166167502184467,4.139449673344549e-05
EIF4A2,0.00012079339533662691,0.00011951715373337273
CKB,0.00012078394297927453,4.851997657561844e-05
RSRP1,0.00012025994037049293,7.643274704529711e-05
SERPINB2,0.00011806868597595832,3.984104992898406e-05
PMEPA1,0.00011721830707723812,0.00012769766023205226
CENPW,0.00011718128188192845,5.5539298582376134e-05
PTGS2,0.00011714963989052362,3.995930687901877e-05
MMP1,0.0001170574530415247,3.667219366154739e-05
KLF10,0.00011355307771085955,4.978262139244258e-05
HSP90B1,0.00011142029074823201,4.50880664107847e-05
QPRT,0.00011093044779334483,3.9451073942563226e-05
ISG15,0.00011086641642455985,0.00010608177998203494
HOMER3,0.00010645218054708972,9.144658275512186e-05
AKR1C3,0.0001064294920827269,0.00013876564408412824
ARID5B,0.00010638429926659309,4.768568230196427e-05
N4BP2L2,0.00010636011307458837,0.00014459250590228063
TUBA1B,0.00010590426388255026,5.796745736256777e-05
BCL2A1,0.0001039764919691044,5.4868126248506106e-05
ANXA3,0.00010382318324114737,9.534434529313594e-05
CXCL9,0.00010322271405346361,9.170489868502672e-05
HSPA8,0.00010224623910067842,0.00013961087248844274
DUSP1,0.00010180965657096142,0.00010046096475427747
CEBPB,0.00010177091940904992,9.191723953978043e-05
GADD45B,0.00010151229029088382,4.9986575624725435e-05
KLF2,0.00010119698054235071,2.674252949208723e-05
S100A13,9.983421722616903e-05,0.00013160090889486172
CXCL1,9.937508185524635e-05,0.00011629563473888936
SLC38A2,9.843120530516059e-05,8.867517750558327e-05
SLC7A11,9.716399680198551e-05,7.291301194145836e-05
MIR22HG,9.692798001750269e-05,6.0585582004920105e-05
AKAP12,9.645987021602575e-05,9.826607580624415e-05
AL355916.1,9.616634698108583e-05,2.254325935662312e-05
SH3BP5,9.46053804480873e-05,6.33089212474606e-05
CTSL,9.307091738860462e-05,0.00011262783293914851
SQLE,9.107523990680156e-05,4.975199401396698e-05
CTSC,9.062795071245189e-05,9.751971000443796e-05
CADM1,9.044117154886067e-05,7.643857752827481e-05
ERN1,8.995987811372119e-05,3.4464460458488545e-05
SKAP2,8.906317277684872e-05,0.00011457244021348539
HMGN2,8.83641326901885e-05,7.730333002500066e-05
FBXO32,8.588841432463079e-05,5.9726869706854416e-05
HJURP,8.475530556361077e-05,4.910796735233928e-05
TINAGL1,8.457132221889596e-05,0.00010065723354344097
SOX9,8.420087010849731e-05,3.65730030324006e-05
TRIB3,8.329046126666073e-05,5.872833642110417e-05
TUBA4A,8.308536591244975e-05,7.731058436865079e-05
CXXC5,8.1847349728148e-05,5.043705781198105e-05
ID2,8.176644815794942e-05,3.43196161285312e-05
THBS1,8.100999241659191e-05,8.667219030378995e-05
MAFB,8.049048229948896e-05,3.099374383248491e-05
HES1,7.973479986238541e-05,4.6224970296814836e-05
NEFL,7.940301752302758e-05,4.13483417364414e-05
CEMIP2,7.932371515295689e-05,4.553346080728746e-05
IL1RL1,7.919172453002554e-05,7.225286561218792e-06
PI3,7.899878720890596e-05,3.677854959363687e-05
POSTN,7.89526968991594e-05,3.810470029302315e-05
TCIM,7.87721286341303e-05,4.3877181470043094e-05
PKIB,7.851851589886216e-05,0.00011248723360255742
SETX,7.804209387007877e-05,3.423612345471582e-05
RAB27B,7.74249867005583e-05,3.141464549839087e-05
CRABP2,7.659014202207048e-05,3.355812265577037e-05
OGT,7.658607671058304e-05,5.059130261714369e-05
IER3,7.640082395122816e-05,4.885189343395338e-05
GCHFR,7.637009749614788e-05,6.106484100240716e-05
TAGLN,7.608507789331753e-05,4.725947648488088e-05
SLPI,7.567366703788991e-05,0.000133587747863263
PPP1R10,7.43119171013884e-05,5.707884556667083e-05
SCD,7.427566088611393e-05,2.8938488245841556e-05
LINC01705,7.40244975950266e-05,1.6492340581165156e-05
PDK4,7.360258338285907e-05,3.279456271483799e-05
HMOX1,7.360065004174965e-05,5.8753776530769636e-05
RASSF8,7.349122530839747e-05,8.150431648900888e-05
MT1X,7.233522383954804e-05,7.303274733904529e-05
COL6A2,7.157166476388089e-05,0.00013980795661643967
PRR11,7.048979558228474e-05,5.539330527835723e-05
DST,6.978229252505575e-05,4.882223966802337e-05
TNFAIP2,6.915643742186895e-05,5.211526803819468e-05
MXD4,6.901094768855254e-05,5.235724430579158e-05
CXCL2,6.888928143758966e-05,5.0262161082994864e-05
AP002478.1,6.865441583829846e-05,2.5509874139606242e-05
HES4,6.841239515287256e-05,5.0714412869654876e-05
NR1D1,6.806495769161592e-05,7.575082590750174e-05
PHLDA1,6.79949429549076e-05,0.00010725513836115499
CXCL8,6.699431144736589e-05,9.334034707283523e-05
CCNL1,6.677097351905913e-05,4.1183478795870324e-05
HSPA2,6.661857467034071e-05,3.4214627997964274e-05
PNRC1,6.656665981668031e-05,4.0685301169744675e-05
DNAJB1,6.647996072995932e-05,7.25210616410134e-05
MIR222HG,6.54409948222745e-05,5.515246384903215e-05
FLRT3,6.543608360807252e-05,4.825140207841876e-05
VGF,6.535420701224704e-05,4.439323523073244e-05
HIST1H1D,6.500514396274859e-05,5.700552287229302e-05
SLC20A1,6.468392019665092e-05,4.665236645432716e-05
HIST1H2AC,6.41574243653742e-05,5.596917827501082e-05
CLK1,6.349191275881739e-05,5.4066135883238594e-05
PLAC8,6.313581144495872e-05,5.837824366653992e-05
PTPRN2,6.261990318695565e-05,0.00010651024740600221
GOLGB1,6.226586086794938e-05,5.068771770593193e-05
FAM111A,6.159151085601832e-05,6.783986567526529e-05
FAM83D,6.134945558732286e-05,6.659851184957495e-05
CBX4,6.125464960777815e-05,7.05226931969694e-05
NAMPT,6.124483717216967e-05,9.783715351268747e-05
IL7R,6.078104760058878e-05,5.517270138143637e-05
DNAJB9,6.076902938311202e-05,3.731947647842822e-05
FDPS,6.042776347735535e-05,0.00010056642960936565
NPTX1,6.0282050151261314e-05,6.522276395521019e-05
PHKG1,6.0115773150204445e-05,1.1948360620189185e-05
AC103591.3,5.951007403771635e-05,5.5528390540607355e-05
PLCG2,5.945919055381221e-05,2.7773096414490768e-05
KLF4,5.939077624743661e-05,7.21988811323754e-05
RSPO3,5.916486892042494e-05,4.556607541509178e-05
IGFBP3,5.886532562474622e-05,7.342777164448095e-05
HERPUD1,5.777663866584071e-05,4.571065817608409e-05
SAMSN1,5.7329363712688154e-05,2.0037083249499597e-05
PGF,5.7290668848086754e-05,3.306171538653286e-05
NUPR1,5.7213141131473576e-05,2.7600438110449906e-05
SAA2,5.706756627503751e-05,2.1758621418317144e-05
ICAM4,5.700194312696638e-05,3.6999251980211425e-05
ANP32E,5.69389881941107e-05,7.386488820879492e-05
ZNF432,5.655957030085146e-05,1.8577099050892256e-05
KRTAP13-4,5.5157525146753984e-05,1.9820080179638536e-05
XIRP1,5.473640925574008e-05,2.6635698496095055e-05
AGAP9,5.45759988940353e-05,4.311632603225687e-05
ATF3,5.4476684819448895e-05,4.19799842501782e-05
IGFBP5,5.4305443057312e-05,5.9100990232527e-05
SLC9A3R2,5.416371237330075e-05,0.00010846631311174908
CWC25,5.383957647246973e-05,3.330238479660177e-05
MAFF,5.366699052160584e-05,8.015075476553882e-05
RGS2,5.3500321351906964e-05,6.800916664669009e-05
PERP,5.3304658763819736e-05,0.0001235224721632799
PTTG1,5.234371211800815e-05,6.704766656046853e-05
FSD2,5.2148995623091386e-05,1.7503211510888158e-05
TM4SF1,5.143812501859912e-05,3.725689129182438e-05
PCDH9,5.128160109354463e-05,3.21830696419699e-05
APOL4,5.110054030065259e-05,4.910522425996399e-05
H2AFZ,5.091923809309451e-05,8.638078912993946e-05
HMMR,5.059292783008429e-05,9.065296175193716e-05
LINC02228,5.005279548276897e-05,7.082253834422847e-06
S100A14,4.9972640647166775e-05,1.4714799762505302e-05
NUF2,4.9948584465031586e-05,6.066714801491784e-05
CALD1,4.990206941009045e-05,4.865876363434176e-05
ADPRHL1,4.9767009787060613e-05,2.2504851084314826e-05
TAGLN3,4.962411693920643e-05,7.2251466822770274e-06
RND1,4.87592246498858e-05,1.3789597009515906e-05
SERPINE2,4.8282998084603344e-05,8.068234893551717e-05
AC034231.1,4.8073248933322434e-05,1.066558359970125e-05
MKI67,4.774302891277227e-05,6.207228040996506e-05
AL137003.2,4.7735709755014624e-05,1.5030135225612836e-05
AKR1C2,4.652130965132617e-05,6.131368772938374e-05
MTRNR2L8,4.630749787253308e-05,4.7478589239386086e-05
IDI1,4.629937084797975e-05,3.335786727623569e-05
FTX,4.60665460849663e-05,5.270387209218491e-05
CDC6,4.578388370020114e-05,3.1673325648231484e-05
SYNE1,4.542012821143748e-05,4.9018474784477064e-05
CCDC168,4.52358385642393e-05,2.236285560589424e-05
ABL2,4.470874240243283e-05,4.687428272171604e-05
AC009283.1,4.468702576865269e-05,2.1814069573286458e-05
ITGA6,4.447871114529045e-05,4.918208050890759e-05
KIAA1551,4.444788217919937e-05,3.261141657821502e-05
NCAPG,4.403034790835258e-05,2.3787725361279973e-05
CYGB,4.3773316351802816e-05,2.4947102728256796e-05
ID1,4.348295564142735e-05,8.578775781198677e-05
TOP2A,4.338856623030685e-05,5.9714494468370706e-05
FAT1,4.263546028954179e-05,7.08652212251866e-05
PGM5,4.240915254785094e-05,1.4434059136431064e-05
HIST2H2AC,4.2003591411932106e-05,4.404517952792854e-05
INHBA,4.139762030038741e-05,4.607723504529587e-05
BX546450.1,4.135947668818529e-05,1.3205732979966747e-05
CD163L1,4.125956569998035e-05,3.3841352581431536e-05
HAP1,4.0895581225619535e-05,1.8731599481519588e-05
ARL14,4.0860937045605895e-05,3.251732630437349e-05
UBE2C,4.0479364902412665e-05,6.8509766027387e-05
HIST2H2BE,4.034510814053816e-05,1.5141712304736973e-05
UBALD2,3.992869606646021e-05,5.0729858195390764e-05
EGR2,3.983167038764668e-05,1.4890325994654231e-05
LINC00326,3.96479827270424e-05,2.5509646089326285e-05
PIK3R3,3.9480950289816355e-05,2.3346521470584426e-05
KLF5,3.935518854877307e-05,3.6108098083270185e-05
CKS1B,3.923622129961002e-05,8.024896860994317e-05
KRT17,3.838364084529644e-05,9.497290771920903e-05
AL118516.1,3.785642234682696e-05,2.2639364201898533e-05
HIST1H4H,3.7773036380639446e-05,3.5149446072922854e-05
DNAAF5,3.769052275636176e-05,4.443908014014751e-05
MCL1,3.751658932085178e-05,0.00013993537207015314
TUBA1A,3.736125160282988e-05,7.97538754145213e-05
HBEGF,3.6796968220809136e-05,4.2121333329818776e-05
HTRA1,3.6671160831103225e-05,2.2511067301777085e-05
CSF3,3.6484605923636784e-05,1.90917592634109e-05
ANKRD22,3.606527281250216e-05,2.224895679403478e-05
SAG,3.5748941337121476e-05,1.610141356777495e-05
PIK3IP1,3.5697758950015146e-05,1.2090338951778606e-05
AL158151.3,3.5650178647383954e-05,1.615611171643325e-05
CCNB2,3.557892170726884e-05,7.636570603688357e-05
ANGPT2,3.553037498748024e-05,4.284577269852097e-05
PAXBP1-AS1,3.537375025991496e-05,1.5483812334844218e-05
AP001189.5,3.537366920645102e-05,1.87395373967569e-05
CDK5RAP2,3.5236642508484906e-05,5.912367875567517e-05
ELAVL3,3.511468722414701e-05,1.5464279606061123e-05
FPR1,3.4964706396922726e-05,5.61049151945368e-05
CEBPD,3.4015321133940016e-05,2.6717302390392903e-05
AP001160.1,3.37214336920133e-05,1.1968911825707717e-05
AC091173.1,3.370852238800959e-05,1.899660258729558e-05
AC018638.6,3.367174415001006e-05,1.1179337079875047e-05
PRRX2,3.352337471219657e-05,2.2775219622184233e-05
GIGYF1,3.3250856013888884e-05,1.2372785895632542e-05
LRRC75A,3.324626643038675e-05,3.366627772091048e-05
AC025244.1,3.324172042939999e-05,1.1798639955772322e-05
AP001029.2,3.304287671165307e-05,1.4866651634815199e-05
KRT86,3.2481968140829484e-05,1.1008420887918078e-05
S100A8,3.2263305276847285e-05,3.305084085458026e-05
FGF5,3.2157337908855774e-05,5.479225254973972e-05
CMYA5,3.192237516601582e-05,1.4444714401765891e-05
COL3A1,3.191640805576546e-05,1.461700586072276e-05
AL049712.1,3.1166359767154096e-05,1.0818599977954e-05
AC243830.2,3.1166359767154096e-05,1.0818599977954e-05
ABCA13,3.1166359767154096e-05,1.0818599977954e-05
AL445307.1,3.115731134322175e-05,1.4780773689263781e-05
AL023806.1,3.11187237494237e-05,1.5139357989711661e-05
TRIM31,3.092412303833392e-05,1.486705973514586e-05
Z69666.1,3.090865741468551e-05,9.770009002049809e-06
SORCS2,3.0880903304808525e-05,1.5324983459493798e-05
HEXA-AS1,3.083333313352865e-05,1.1036617086100418e-05
AC046130.1,3.083333313352865e-05,1.1036617086100418e-05
DLGAP2,3.083333313352865e-05,1.1036617086100418e-05
AC024940.1,3.0781336573759696e-05,2.809587754039795e-05
FUT6,3.0748559909654635e-05,9.443253143359697e-06
SDK1,3.057415787781626e-05,1.0686418250008914e-05
MYLIP,3.055293232416823e-05,3.1773350108077365e-05
AC107959.2,3.051988481532764e-05,9.015076441809718e-06
IL20,3.0509378764431717e-05,1.0574900868890715e-05
S100P,3.0233418075642506e-05,4.0385338705816846e-05
C1orf56,2.985647792206336e-05,4.9127305800495887e-05
NFKBIZ,2.9708165270292407e-05,2.3891626799931296e-05
KRT6A,2.923401853685004e-05,9.468315750618475e-06
DEPDC1,2.9204017689343775e-05,8.312074879586245e-05
GDF5OS,2.9125745720559593e-05,1.0083644281788649e-05
KCNN1,2.9095205449503057e-05,1.0031981550024278e-05
GHET1,2.899994818575946e-05,1.459623982712657e-05
AP000845.1,2.8965646712608705e-05,9.770007238922328e-06
AC239868.3,2.8870486121668205e-05,1.7995800291001064e-05
NABP1,2.8861213644104656e-05,8.42500919733937e-05
OLFM1,2.8805547704657818e-05,9.443248249985102e-06
FGD5,2.8805547704657818e-05,9.443248249985102e-06
AL365356.1,2.8805547704657818e-05,9.443248249985102e-06
AL110115.2,2.868921448071493e-05,9.262160371639268e-06
LINC00520,2.8632501304981518e-05,1.4493588134414786e-05
CITED1,2.859405388977443e-05,1.7723735230077208e-05
NDC80,2.8561918812675113e-05,3.9362882451516686e-05
TTLL9,2.853735590032658e-05,9.861573177749446e-06
AC008764.8,2.8433996037202647e-05,2.3739199970008604e-05
AC004908.3,2.842494583765731e-05,9.633549183485357e-06
AL355102.3,2.8411486024659815e-05,1.5273688656643288e-05
AP000692.2,2.8377254110367733e-05,1.4228743016083566e-05
FOS,2.8342971823480668e-05,1.398320722172356e-05
HTRA3,2.8279334668424028e-05,3.8353761194071374e-05
IRX4,2.8087798405107554e-05,1.465829130348756e-05
KRT81,2.808364094646354e-05,6.634518489183557e-05
CENPE,2.803753173311607e-05,4.389777493689695e-05
C22orf34,2.744242907968264e-05,1.0098124272689931e-05
ATP2B1-AS1,2.7020047972581286e-05,1.6659867310964436e-05
IGFBP4,2.6660129878175454e-05,5.343251965754462e-05
HIST1H2AG,2.665005262665332e-05,4.59160236995556e-05
AC100786.1,2.663047996127599e-05,1.4349155474644489e-05
ALLC,2.660483465011243e-05,7.562733211341488e-06
CSMD2,2.660483465011243e-05,7.562733211341487e-06
LINC02334,2.655725435464218e-05,1.3083211936370119e-05
Z95114.4,2.645273311141505e-05,1.3532290822452554e-05
AL512625.3,2.6444735642161542e-05,7.082436187488827e-06
ABCD2,2.6444735642161542e-05,7.082436187488827e-06
CAMKV,2.6444735642161542e-05,7.082436187488827e-06
GEM,2.6383683416908444e-05,2.419809203125732e-05
AC104506.1,2.6328796294317058e-05,2.0575921279229986e-05
TTN,2.6168303410267767e-05,6.2531394918075025e-06
DCAF4L1,2.611170394644091e-05,1.28645295421805e-05
AL359541.1,2.611170394644091e-05,1.28645295421805e-05
IL33,2.60812910209407e-05,1.7034310902253737e-05
AL022328.2,2.6016558541785972e-05,7.225161887614019e-06
AC073050.1,2.6016558541785972e-05,7.225161887614019e-06
SYT12,2.6016558541785972e-05,7.225161887614019e-06
AC138028.2,2.6016558541785972e-05,7.225161887614019e-06
FAM83B,2.6016558541785972e-05,7.225161887614019e-06
PTHLH,2.5935466630644387e-05,4.9930877315386305e-05
DLGAP5,2.588259499325396e-05,4.2124843876809094e-05
LRP2BP,2.5869656927213215e-05,1.641852690505266e-05
ADAM32,2.5822303957090398e-05,1.3373169080677906e-05
ZNF350-AS1,2.5761380869659954e-05,1.5183620605607459e-05
SPC25,2.575007479503899e-05,4.4551300589712654e-05
AC007014.1,2.5726724567864957e-05,1.7623696528743462e-05
PINLYP,2.553261077521407e-05,1.2919981472076278e-05
AC024592.3,2.5467833110348614e-05,1.3788272588292835e-05
CCL5,2.544775194059934e-05,3.20020020693016e-05
CCNL2,2.541887351402705e-05,3.8987072604720614e-05
AC105999.2,2.5114881094767673e-05,4.24529212561506e-05
AC092069.1,2.4430533544173016e-05,2.499453360878103e-05
AL031846.2,2.408822549302414e-05,1.8506579980984448e-05
EDNRB,2.4083923579665267e-05,0.0
POU3F1,2.4083923579665267e-05,0.0
RHOV,2.4083923579665267e-05,0.0
C9orf152,2.4083923579665267e-05,0.0
PRR9,2.4083923579665267e-05,0.0
CA12,2.4083923579665267e-05,0.0
AC012377.1,2.4083923579665267e-05,0.0
SPEM1,2.4083923579665267e-05,0.0
NPY1R,2.4083923579665267e-05,0.0
AP001412.1,2.4036348346290203e-05,1.4272570012519025e-07
ZNF252P-AS1,2.4036343284195017e-05,1.0664689848227082e-05
AADAC,2.3794388239040122e-05,1.0688286353231888e-05
HIST1H2BE,2.3746759909482053e-05,1.0679302585679747e-05
NEBL,2.3703316650569572e-05,1.0665432481013962e-05
GRAMD1B,2.3674736467671485e-05,8.437351961018963e-05
AL138885.3,2.3660353340548834e-05,4.6133426662559795e-05
TBR1,2.3655741417194508e-05,1.0664689667570833e-05
AC113378.1,2.3655741417194508e-05,1.0664689667570831e-05
KIF20B,2.3649943697978682e-05,4.075943569655324e-05
AC011815.2,2.3625577891617235e-05,1.3005554009400872e-05
GLUL,2.3609218966047507e-05,4.6295057878383506e-05
SERPINB10,2.3608171245914633e-05,0.0
LTA,2.3608171245914633e-05,0.0
SNX31,2.3608171245914633e-05,0.0
LCN2,2.3608171245914633e-05,0.0
ST3GAL5-AS1,2.3608171245914633e-05,0.0
AC084782.3,2.3608171245914633e-05,0.0
F5,2.3608171245914633e-05,0.0
MYO16,2.3608171245914633e-05,0.0
HORMAD1,2.3608171245914633e-05,0.0
AC092171.5,2.3608171245914633e-05,0.0
OR6M1,2.3608171245914633e-05,0.0
GPC5,2.3608171245914633e-05,0.0
S100A12,2.3608171245914633e-05,0.0
UGDH-AS1,2.36000755002852e-05,1.8802584552966318e-05
AL591846.2,2.3547247311062058e-05,7.0826216916008985e-06
AL355472.1,2.3440541610963983e-05,3.112577890551695e-05
CATSPERG,2.336604823531818e-05,1.0028190210210109e-05
LGALS1,2.323820948660904e-05,9.526311937833128e-05
AC099329.3,2.31717601648751e-05,1.0849787224115528e-05
CDCA7,2.3030493102105255e-05,3.859147086377707e-05
AL928970.1,2.3025004850119046e-05,1.552558185849982e-05
KIF23,2.2086330121695586e-05,4.1430540663065535e-05
EGR3,2.2030148266050097e-05,1.3263676874584689e-05
AL713998.1,2.1917351688671705e-05,7.170822956002136e-06
AC104964.1,2.1723050712840752e-05,7.082618600473544e-06
DENND5B-AS1,2.1675531221698742e-05,7.22517707389958e-06
WFDC1,2.1675531221698742e-05,7.22517707389958e-06
AL356441.1,2.1675531221698742e-05,7.22517707389958e-06
AC005618.1,2.16754704173705e-05,1.2793530933308023e-05
AC012668.3,2.148115263328476e-05,7.808312839141518e-06
RN7SL832P,2.138591806366552e-05,1.6839978222936745e-05
PSMD6-AS1,2.134243366596067e-05,1.9737062514297627e-05
CACNA1A,2.134243366596067e-05,1.9737062514297627e-05
PAN3-AS1,2.1294929354698233e-05,7.09972682141162e-06
KCND2,2.124735412132317e-05,7.08245137377439e-06
AL024507.2,2.124735412132317e-05,7.08245137377439e-06
WNT11,2.124735412132317e-05,7.08245137377439e-06
PAGE2,2.124735412132317e-05,7.08245137377439e-06
AC011498.1,2.121003997355153e-05,9.633786728846516e-06
THEMIS,2.1199854851383648e-05,7.224949183592955e-06
AC009093.6,2.1199854851383648e-05,7.224949183592955e-06
ADCY10,2.118637341386176e-05,0.0
AL078604.2,2.118637341386176e-05,0.0
TRAC,2.1151584272705028e-05,3.427126378295746e-05
AC022400.7,2.090987137086664e-05,9.955514418893329e-06
NR4A2,2.0866964883614613e-05,1.2820021009630026e-05
GJA5,2.079689027753018e-05,1.0664416113351263e-05
SLC17A9,2.0762933776907744e-05,1.2660114529008111e-05
LINC00973,2.07461603730974e-05,4.375193589015934e-05
PHF19,2.0738507915496473e-05,6.526546217012085e-05
NR2F2,2.072474902492516e-05,4.7980024546921256e-05
AC005332.8,2.0703673207977945e-05,1.631370114879912e-05
AC058791.1,2.0537226381212025e-05,3.1219121193242325e-05
LINC01960,2.0379698390438074e-05,6.9627731589534795e-06
MUC4,2.0150777526062315e-05,3.0360576568326984e-05
G0S2,1.8978053527041185e-05,2.3913482972844795e-05
AC003101.2,1.8878381686904255e-05,1.0411083785522024e-05
CD37,1.8839250430813247e-05,2.0952359401056447e-05
GTSE1,1.8803667484645904e-05,6.010185211589332e-05
GNLY,1.8547800424251192e-05,2.9919971551308503e-05
FAM111B,1.8445342419182165e-05,2.496546802595425e-05
AL391121.1,1.8422773241166813e-05,1.2815316884156722e-05
GALNT3,1.8307303269848862e-05,1.2594970545212872e-05
AC100826.1,1.815931289443906e-05,1.4005760564412206e-05
KIF2C,1.8153004933252338e-05,6.011923902379448e-05
TSC22D1,1.7985208995119352e-05,5.859910844146139e-05
AC004687.1,1.795215994119248e-05,1.674197484480165e-05
AC010907.2,1.7917148232737823e-05,1.8790503197300523e-05
TBX3,1.7844768817754096e-05,6.323762407884874e-05
RDH10,1.7690933999514603e-05,5.0880701394846785e-05
SNAPC1,1.755405442146474e-05,3.440949093637026e-05
CSKMT,1.745203893807057e-05,9.15020872876941e-05
SCG5,1.7432098278036268e-05,3.2623842194946895e-05
CR2,1.7377225709636067e-05,2.1369070497560814e-05
APOE,1.7305904893416547e-05,2.1164591800103923e-05
GZMH,1.725104108700748e-05,1.5893607379724717e-05
SPP1,1.719647857741924e-05,7.46289483638599e-05
CAMK2N1,1.710899387837861e-05,4.8478812066866184e-05
HIST1H1E,1.6833297813489967e-05,7.068697143853813e-05
DUSP28,1.6716159795382435e-05,2.824243239459135e-05
AC068389.1,1.6582374884321904e-05,1.5742544857723873e-05
F3,1.6428021938708072e-05,6.670932246201134e-05
LINC01943,1.6387777332249608e-05,2.8120439073828323e-05
AC012555.2,1.5886871882320187e-05,1.0486535346849481e-05
CADPS,1.58863906105422e-05,1.7301987578251286e-05
GALR1,1.5657841406779838e-05,1.4844375897806961e-05
PYY,1.556285935495616e-05,1.4352716637257031e-05
DHRS9,1.538524434540056e-05,3.041160909383002e-05
PIF1,1.5168214851490892e-05,2.936613434157391e-05
TYMS,1.489442941332575e-05,8.949840270741173e-05
LUCAT1,1.477336435140586e-05,2.79186246926525e-05
TENT5C,1.4666856867806555e-05,3.99678248084303e-05
OCIAD2,1.4592917684042028e-05,2.1825347756814365e-05
RHOXF1,1.4487741425273094e-05,1.4441481386092539e-05
AC009065.3,1.4484980766082955e-05,1.610095576329142e-05
PEG10,1.4484756518184927e-05,5.50134311735509e-05
DRAXIN,1.430756258765653e-05,1.9018280846680062e-05
JUN,1.412871524862913e-05,3.675015534345063e-05
AL162254.1,1.4126599355168689e-05,1.166257391278579e-05
CDCA2,1.388430513662442e-05,4.392269732201017e-05
AC127496.1,1.372563666004467e-05,3.130900776124624e-05
AC022167.1,1.3680712061314715e-05,2.43772656724766e-05
MYOZ2,1.3525995181451478e-05,1.1692866359991876e-05
CENPF,1.3136117477863252e-05,6.305021029162976e-05
STC2,1.3088330524413383e-05,5.1352532360409986e-05
MSX1,1.3001523313971309e-05,2.3792030626154162e-05
TRBC1,1.2892548468945719e-05,2.6826423968668153e-05
KRT5,1.2768411443031535e-05,1.1553688812794916e-05
SGK1,1.2437136243270697e-05,3.301485823741232e-05
IL1B,1.2394833920925663e-05,9.878495098581364e-05
CAMTA1-DT,1.2365998164032277e-05,1.1753713141844716e-05
BCAS1,1.2283922893696619e-05,1.928044365283292e-05
AC091271.1,1.2218962094967534e-05,4.825785132457654e-05
AC005899.8,1.215448050231327e-05,1.640912974870828e-05
AC021180.1,1.20420327191062e-05,1.6156145690012564e-05
GNG11,1.2037841437451125e-05,8.984975837767672e-05
ATF5,1.1978027919623546e-05,0.00010362048518180532
RNF227,1.1954779234912838e-05,1.8171287848932874e-05
ADM,1.1948672807848837e-05,4.3091453636697364e-05
UAP1,1.1877719339936643e-05,2.887875438452236e-05
LRRC32,1.1804085622957317e-05,1.1804085622957317e-05
AL022069.1,1.1804024844952465e-05,1.583670681581243e-05
AL021396.1,1.1804024844952465e-05,1.5836706815812428e-05
AL358472.2,1.1756530636319873e-05,1.1757300047917484e-05
NPPC,1.1752277702525848e-05,1.5962401721285324e-05
AC073575.2,1.1661658714479107e-05,1.6085794856560663e-05
DSCR8,1.163234845978911e-05,2.5342798808364228e-05
LSMEM1,1.1614235407975127e-05,1.6191686205668796e-05
TCTE3,1.1610125976124764e-05,2.249899728032433e-05
ITGAL,1.1561577594976225e-05,1.8653999036709614e-05
ESYT3,1.1527702648517214e-05,1.1554177977732281e-05
LIMCH1,1.1504832023778722e-05,5.924739964588528e-05
FAM71F2,1.145476445846283e-05,2.5506547455905532e-05
PURPL,1.1397060080720057e-05,3.071022283687946e-05
IDI2,1.139399105465344e-05,1.5214556171366755e-05
GZMB,1.127197493030474e-05,1.857013993262247e-05
TMEM150B,1.1070087166387133e-05,1.1126824206229687e-05
FST,1.098775788199724e-05,6.334777477457528e-05
IL6,1.072581770198422e-05,0.00010362265131057686
MGP,1.0585961756026663e-05,3.2644159155845005e-05
FLNC,1.0479197063895107e-05,5.3022331711005826e-05
CKAP2,1.0404049210244182e-05,3.556178618690734e-05
TSPAN18,9.890873758700015e-06,9.222523155221414e-05
FNIP1,9.890104553256229e-06,5.2843195915785353e-05
LAMB3,9.82177102241133e-06,1.6198825087800498e-05
VIL1,9.802232769251518e-06,1.582744956098115e-05
AC010519.1,9.73241636694766e-06,1.1985412082966545e-05
AC012615.2,9.72860335846093e-06,1.58471445648682e-05
GNMT,9.719615758774225e-06,1.551434155519963e-05
NEK5,9.668620441127817e-06,1.9034041462869357e-05
SPANXN1,9.647257052058934e-06,1.5688539479737097e-05
TLR10,9.633640361139673e-06,1.5975638687014702e-05
AC004263.1,9.633640361139673e-06,1.5975638687014702e-05
LINC02516,9.633569431866107e-06,1.1798664754872799e-05
MROH8,9.564681760976246e-06,3.204272651880182e-05
LINC00235,9.538115391116708e-06,1.17327659793022e-05
DPYS,9.517163863126398e-06,1.9173410594571453e-05
AC010319.3,9.443268498365854e-06,1.156559466254733e-05
TMED6,9.443207720361002e-06,1.5659742600142772e-05
MEX3B,9.426574938764531e-06,1.9378197436189457e-05
AC048344.1,9.391272083014712e-06,1.201687308378745e-05
HIST1H2BC,9.35831582287161e-06,4.118563683437139e-05
ATP1B2,9.30961122405094e-06,1.1436363435006076e-05
AC072061.1,9.253403111464386e-06,2.4430316988487994e-05
AC091588.2,9.210776293033795e-06,1.530555380198788e-05
CD8B,9.153203211631489e-06,1.880097578108822e-05
AC137590.2,9.11523263563696e-06,1.1608171006453867e-05
FO704657.1,9.098171728716408e-06,1.5719443648387795e-05
AOC3,9.05060033407068e-06,1.1147584620445392e-05
DDIT3,9.036813212015549e-06,4.4566727057817936e-05
DLGAP1,8.977083356398463e-06,1.8978587001845552e-05
TBX6,8.958965704564114e-06,1.486667278416631e-05
AC137630.2,8.951430201786791e-06,1.0443221371438133e-05
LPAR6,8.906006181541582e-06,5.0165760139453306e-05
THBD,8.82425424715283e-06,3.481055169162694e-05
AC131934.1,8.674986429424436e-06,1.4598619408455162e-05
FAM237B,8.627470772326618e-06,1.4221534366090698e-05
BIRC3,8.342018287543774e-06,2.6118591780725707e-05
HEXIM1,8.031317694556783e-06,3.608885410605589e-05
AC132872.1,7.644297056297322e-06,3.4617852532630677e-05
AC093752.2,7.613779025561485e-06,1.1641054859629877e-05
SPDYA,7.557813511893663e-06,1.0818878618390739e-05
NR1H4,7.463915222383211e-06,4.039224684869959e-05
SH2D3A,7.437147004107914e-06,1.5298004633084265e-05
AC008549.2,7.419478049730532e-06,1.1344538173312147e-05
AJAP1,7.320281929767969e-06,1.871367300144585e-05
IL23R,7.272767494315157e-06,1.5399803718253073e-05
C9orf84,7.2425491583594235e-06,1.1070896594093758e-05
CASKIN1,7.225248003173146e-06,1.5421423794816965e-05
FADS6,7.22517707389958e-06,1.103664028353479e-05
TKTL1,7.22517707389958e-06,1.103664028353479e-05
AC013403.2,7.22517707389958e-06,1.103664028353479e-05
AL603839.2,7.22517707389958e-06,1.103664028353479e-05
NEB,7.22517707389958e-06,1.103664028353479e-05
PAGE2B,7.22517707389958e-06,1.103664028353479e-05
STPG2,7.22517707389958e-06,1.103664028353479e-05
MYRFL,7.22517707389958e-06,1.103664028353479e-05
AC099520.2,7.22517707389958e-06,1.103664028353479e-05
AL022326.1,7.22517707389958e-06,1.103664028353479e-05
BANF2,7.22517707389958e-06,1.103664028353479e-05
CACNA2D4,7.22517707389958e-06,1.103664028353479e-05
ZNF763,7.22517707389958e-06,1.103664028353479e-05
INTS6,7.195615855748461e-06,5.115640977631495e-05
AC026691.1,7.1950498884199025e-06,1.1102841465947634e-05
LRRC74B,7.130026607149453e-06,1.0891988248053825e-05
AC013400.1,7.129723033150181e-06,1.0945179519349174e-05
AC004969.1,7.1262639685043535e-06,1.0943731479734675e-05
AP002518.1,7.126224592246544e-06,1.5711845497714656e-05
SCUBE1,7.086944525802607e-06,2.387359575516465e-05
TMPRSS11B,7.08245137377439e-06,1.0818623175388373e-05
AKAP3,7.08245137377439e-06,1.0818623175388373e-05
AL121936.1,7.08245137377439e-06,1.0818623175388373e-05
AC009229.3,7.08245137377439e-06,1.0818623175388373e-05
AC123595.1,7.082390595769539e-06,1.5116443988052351e-05
EPPK1,7.082390595769539e-06,1.5116443988052351e-05
OR52N1,7.082390595769539e-06,1.5116443988052351e-05
OR52E8,7.082269059766055e-06,2.1246807179298166e-05
CD48,7.082147799775118e-06,1.0872172057177933e-05
LY6G6C,7.082070195096879e-06,1.5115593348159765e-05
CFAP70,7.07883781803087e-06,1.8419404767386476e-05
NTN5,7.078763476708883e-06,1.0618438734491361e-05
AL022323.3,7.034952103834869e-06,1.0850609917240891e-05
GIPR,7.0349470489228235e-06,1.5213413222807629e-05
SLC6A20,6.9874477789833024e-06,1.5236028262361396e-05
ANKUB1,6.935492986592795e-06,1.5126340004894435e-05
CHRM3,6.918679255440985e-06,2.1098913713405566e-05
FRG2C,6.901289795357979e-06,1.5094430744193328e-05
TBX4,6.901218866084413e-06,1.0574918932256839e-05
ALOX15B,6.901218866084413e-06,1.0574918932256839e-05
GPR179,6.901218866084413e-06,1.0574918932256839e-05
LINC02150,6.901164546535554e-06,1.456802954364624e-05
AC087457.1,6.840271590569103e-06,1.0467381541039677e-05
LINC01686,6.840271590569103e-06,1.0467381541039678e-05
FAM224B,6.840271590569103e-06,1.0467381541039678e-05
AC011825.4,6.839968016569831e-06,1.052271101553957e-05
ST8SIA6-AS1,6.839968016569831e-06,1.052271101553957e-05
CCL4,6.839968016569831e-06,1.052271101553957e-05
CACNG8,6.830150835290816e-06,3.2114613590225664e-05
FRMPD1,6.806068399334286e-06,1.0420903997352702e-05
GAST,6.797450699225216e-06,1.5324682538078493e-05
SFN,6.793070407618007e-06,1.0499751409204366e-05
HSD17B13,6.792820037904157e-06,2.3140714483478236e-05
LRRD1,6.772707191271543e-06,7.225328530413578e-06
DLL1,6.755746743847269e-06,2.2744967427660165e-05
TMEM179,6.645667040738878e-06,1.017895528868608e-05
NUSAP1,6.581507517855467e-06,3.175818982329794e-05
CASS4,6.577284513109571e-06,1.3730968062917372e-05
TRAF3IP3,6.550587482512249e-06,1.47082140069429e-05
AC007613.1,6.550020278073276e-06,1.3904654218653993e-05
CLIC5,6.5440545540251804e-06,1.943308842446348e-05
IFNA13,6.529685424894183e-06,9.9997548837915e-06
TFPI,6.5215185729106114e-06,0.00011862925398142937
LINC00346,6.507900543584188e-06,1.8489698155894125e-05
AL034417.2,6.468883797960956e-06,1.7731314763600702e-05
C11orf96,6.4642474395415485e-06,2.3099653943685363e-05
CCL3,6.355912024158527e-06,9.708815987062149e-06
KCNB1,6.253326305294404e-06,1.3346954161711106e-05
PBX1,6.14353893556574e-06,6.786209636296566e-05
LINC01913,6.066208305921527e-06,1.372842752592961e-05
TC2N,5.694549883028532e-06,8.391587848100011e-06
SLC7A5,5.5623487926315105e-06,3.0762900741038554e-05
CHRM3-AS2,5.321774142807989e-06,8.719845658590789e-06
FAM95C,5.205709021638416e-06,1.753144274547131e-05
LINC02273,5.205386667594958e-06,1.0410773335189916e-05
HBZ,5.1061196183588285e-06,1.4609406901366376e-05
RSPH10B2,5.091159935100009e-06,1.0746757144025328e-05
ABCB6,5.058600127216817e-06,1.4625156795713969e-05
AL391650.1,5.011085691764006e-06,1.0031584300939312e-05
ZAP70,5.011085691764006e-06,1.0031584300939312e-05
NXF1,4.998191229754756e-06,4.142675028988346e-05
MXD1,4.964455463818407e-06,3.026979967287477e-05
CYP51A1-AS1,4.963510458388942e-06,9.941743548545444e-06
AC087239.1,4.946097615543543e-06,1.7581360860655204e-05
CCNA2,4.926426542783968e-06,6.625462027910658e-05
NR4A3,4.899218295639774e-06,1.0038183485378917e-05
SOCS1,4.886814790439065e-06,0.00011115144498331978
LINC01972,4.8817320337679606e-06,9.770024928382232e-06
AC023300.2,4.8817320337679606e-06,9.770024928382232e-06
AC007126.1,4.8817320337679606e-06,9.770024928382232e-06
OTOA,4.8817320337679606e-06,9.770024928382232e-06
C2orf16,4.8817320337679606e-06,9.770024928382232e-06
CILP2,4.8817320337679606e-06,9.770024928382232e-06
ACSL6,4.8817320337679606e-06,9.770024928382232e-06
ALDH8A1,4.8817320337679606e-06,9.770024928382232e-06
RASSF2,4.8817320337679606e-06,9.770024928382232e-06
AC120024.1,4.864299151385864e-06,1.435571843946866e-05
AL591518.1,4.864299151385864e-06,1.435571843946866e-05
KIAA0408,4.864299151385864e-06,1.435571843946866e-05
AC099552.1,4.84745150683974e-06,9.704641110550414e-06
AP005717.1,4.834166930911543e-06,1.7919643756307328e-05
RMRP,4.829965053509966e-06,1.9821874815324092e-05
AZU1,4.819928087229641e-06,1.1071434518220072e-05
AC005291.1,4.816855645206619e-06,1.4450566935619856e-05
CLRN1-AS1,4.816784715933053e-06,9.633569431866107e-06
CRYBB3,4.816784715933053e-06,9.633569431866107e-06
IFT74-AS1,4.816784715933053e-06,9.633569431866107e-06
NPTX2,4.816784715933053e-06,9.633569431866107e-06
AC006460.1,4.816784715933053e-06,9.633569431866107e-06
RPS6KL1,4.816784715933053e-06,9.633569431866107e-06
SLC51B,4.816784715933053e-06,9.633569431866107e-06
AC083805.1,4.816784715933053e-06,9.633569431866107e-06
AC068831.4,4.816784715933053e-06,9.633569431866107e-06
BCKDHA,4.816784715933053e-06,9.633569431866107e-06
ACOXL,4.816784715933053e-06,9.633569431866107e-06
AC130651.1,4.816784715933053e-06,9.633569431866107e-06
AC078923.1,4.816784715933053e-06,9.633569431866107e-06
AC073842.1,4.816784715933053e-06,9.633569431866107e-06
PLA2G2A,4.816784715933053e-06,9.633569431866107e-06
AL603832.1,4.816784715933053e-06,9.633569431866107e-06
NANOS1,4.786723384064828e-06,1.799559301571935e-05
BICDL2,4.76920948255799e-06,9.539012179897752e-06
KRT6B,4.769204420462802e-06,1.4307613261388408e-05
AC024600.1,4.721634249182927e-06,9.443268498365854e-06
C11orf86,4.721634249182927e-06,9.443268498365854e-06
PPP1R1B,4.721634249182927e-06,9.443268498365854e-06
NKX2-6,4.721634249182927e-06,9.443268498365854e-06
PIWIL2,4.721634249182927e-06,9.443268498365854e-06
COL26A1,4.721634249182927e-06,9.443268498365854e-06
DCX,4.721634249182927e-06,9.443268498365854e-06
LINC01160,4.721634249182927e-06,9.443268498365854e-06
AL031714.1,4.721634249182927e-06,9.443268498365854e-06
WFIKKN1,4.721634249182927e-06,9.443268498365854e-06
PLA2G4E-AS1,4.721634249182927e-06,9.443268498365854e-06
CCDC158,4.721634249182927e-06,9.443268498365854e-06
LINC02363,4.721634249182927e-06,9.443268498365854e-06
LINC00642,4.721634249182927e-06,9.443268498365854e-06
TMC8,4.721573471178076e-06,1.4164720413534226e-05
DCSTAMP,4.721573471178076e-06,1.4164720413534226e-05
IFIT2,4.7085076580355436e-06,3.382549296787527e-05
LINC00971,4.687353445353981e-06,9.883888039905793e-06
AL136379.1,4.674134979243405e-06,9.468060726333941e-06
AC100812.1,4.6741299243313605e-06,1.4260307022005977e-05
NRARP,4.6741299243313605e-06,1.4260307022005979e-05
CHRNB2,4.6740691463265096e-06,1.7743177140771638e-05
LINC02096,4.659830582198765e-06,1.0819161928860785e-05
SNHG12,4.608726601018631e-06,5.303653284416322e-05
AC010336.6,4.605349059327857e-06,9.262264145337451e-06
ERBB3,4.600708777946494e-06,1.5576521376685536e-05
GLRX,4.599392934290236e-06,3.349264653749371e-05
MARCH1,4.587931363986275e-06,1.7611943470288075e-05
AC022613.2,4.574830894144011e-06,9.653334403359408e-06
AC020656.2,4.540340943570697e-06,1.3949139114212957e-05
AC114947.2,4.540340943570697e-06,1.3949139114212957e-05
CBLN2,4.527255660768947e-06,9.557768382507483e-06
OVOL1-AS1,4.527029699352702e-06,9.07721220658926e-06
CST4,4.5270284759979514e-06,1.3581085427993854e-05
AC239868.2,4.526230471890713e-06,1.89262908878543e-05
GABRR1,4.492826508117886e-06,9.01480475275206e-06
LRRC66,4.492826508117886e-06,9.01480475275206e-06
LINC02021,4.479809493207476e-06,9.590894063948372e-06
AC084018.2,4.479582147109973e-06,1.722199792971502e-05
BIN2,4.479454465977639e-06,8.97526069192616e-06
MYT1L,4.479454465977639e-06,8.97526069192616e-06
KRTAP4-8,4.479454465977639e-06,8.97526069192616e-06
AC009081.1,4.479454465977639e-06,8.97526069192616e-06
AC103923.1,4.479454465977639e-06,8.97526069192616e-06
TSPOAP1-AS1,4.4661783963340085e-06,1.3576613909644346e-05
ENAM,4.445251274742823e-06,8.911956761857217e-06
CNKSR1,4.445251274742823e-06,8.911956761857217e-06
DEUP1,4.445250051365868e-06,1.3335750154097602e-05
MTUS2-AS1,4.389215323041817e-06,9.728997674802716e-06
TJP2,4.389139359606276e-06,9.610543077390385e-06
ATF4,4.3717081811056605e-06,3.463790213977737e-05
HIST1H2BG,4.324165989455508e-06,1.8234313170281966e-05
PABPC1L,4.284789118225163e-06,1.3607132285970447e-05
LINC01494,4.237274682772352e-06,8.474549365544704e-06
AL139300.2,4.237274682772352e-06,8.474549365544704e-06
HIST1H1A,4.192725297602618e-06,2.0477387469600852e-05
AL023802.1,4.168868300302719e-06,8.337736600605438e-06
LINC02043,4.168868300302719e-06,8.337736600605438e-06
INE2,4.168868300302719e-06,8.337736600605438e-06
NPFFR1,4.168868300302719e-06,8.337736600605438e-06
RCAN1,4.116606581516802e-06,2.7204345318292392e-05
PDZK1,4.103580826797515e-06,9.280514057124924e-06
MMP10,4.074189624658775e-06,7.225715793068854e-06
AL109955.1,4.031081294275651e-06,1.3019564585169764e-05
HIST1H2BN,3.978973595408774e-06,2.3181141678552066e-05
UPP1,3.957436268908765e-06,0.0001669998447599947
JUNB,3.7655144013548634e-06,1.8310998366857273e-05
TNFSF10,3.374676726142223e-06,3.1947115563287724e-05
ZFP36L2,2.9156742136215996e-06,4.363722247060689e-05
RSAD2,2.8921484293342735e-06,2.0541977645036932e-05
TMEM119,2.836067778244633e-06,7.082618600473543e-06
LBH,2.7067970917671325e-06,1.7198789673968546e-05
ZNF451-AS1,2.650211603283381e-06,7.180855201923649e-06
AC116447.1,2.650211603283381e-06,7.1808552019236485e-06
PROX1,2.645873273521282e-06,1.2662599903186643e-05
AP003086.1,2.637225163004686e-06,7.0387237788005585e-06
ZNF683,2.637223941182043e-06,1.2163957543511311e-05
CCDC85B,2.604726499744192e-06,6.492938021300836e-05
CRYM,2.602919295191519e-06,7.038857912364428e-06
AP002360.3,2.602693333797479e-06,7.808080001392437e-06
SLC25A47,2.602693333797479e-06,7.808080001392437e-06
AC120498.9,2.602693333797479e-06,7.808080001392437e-06
AC003956.1,2.602693333797479e-06,7.808080001392437e-06
LINC00115,2.602693333797479e-06,7.808080001392437e-06
RNASEK-C17orf49,2.602693333797479e-06,7.808080001392437e-06
CARD9,2.589719616330477e-06,1.6184710764829855e-05
PCDHGA6,2.568429344629308e-06,1.3065001861613834e-05
LINC01443,2.5551890089459127e-06,1.3226709039765604e-05
MYCL,2.555063776177313e-06,7.041558185077555e-06
ZNF556,2.520914909176497e-06,7.56274472752949e-06
AC008074.3,2.520914909176497e-06,7.56274472752949e-06
LINC01271,2.520914909176497e-06,7.56274472752949e-06
AC005695.3,2.520914909176497e-06,7.56274472752949e-06
AL021368.3,2.520914909176497e-06,7.56274472752949e-06
AC084018.1,2.520914909176497e-06,7.56274472752949e-06
AC023906.5,2.520914909176497e-06,7.56274472752949e-06
DRAIC,2.520914909176497e-06,7.56274472752949e-06
SLC1A2,2.520914909176497e-06,7.56274472752949e-06
NXPH3,2.520914909176497e-06,7.56274472752949e-06
PTCHD1,2.520914909176497e-06,7.56274472752949e-06
SVOPL,2.520914909176497e-06,7.56274472752949e-06
DNAH1,2.5034262845613496e-06,1.2864678717578197e-05
KPNA2,2.487682717544626e-06,5.408926510026225e-05
ATP8B4,2.473410584324931e-06,1.3083082850404551e-05
PEAK3,2.473410584324931e-06,1.3083082850404551e-05
SPHKAP,2.455906793419338e-06,1.287295779805072e-05
MAPK13,2.455906793419338e-06,1.287295779805072e-05
AC007666.1,2.455906793419338e-06,1.287295779805072e-05
AC103736.1,2.442556149939712e-06,1.3455880742740716e-05
AP001267.2,2.4391447284832777e-06,1.7775959291114506e-05
MUC2,2.4259771472689985e-06,2.0028169261554956e-05
AC013553.4,2.425906259473365e-06,1.6885925873506757e-05
AL359853.1,2.421021706000559e-06,0.0
GADD45G,2.4086304019288463e-06,3.458862073348642e-05
RGS16,2.408463266490024e-06,1.2969444927624053e-05
C5orf66,2.4083923579665266e-06,7.22517707389958e-06
AC006547.1,2.4083923579665266e-06,7.22517707389958e-06
VWA5B2,2.4083923579665266e-06,7.22517707389958e-06
CRTAM,2.4083923579665266e-06,7.22517707389958e-06
AL034397.3,2.4083923579665266e-06,7.22517707389958e-06
Z97192.1,2.4083923579665266e-06,7.22517707389958e-06
AC020911.1,2.4083923579665266e-06,7.22517707389958e-06
CD38,2.4083923579665266e-06,7.22517707389958e-06
EPPIN,2.4083923579665266e-06,7.22517707389958e-06
HIF3A,2.4083923579665266e-06,7.22517707389958e-06
AC078883.2,2.4083923579665266e-06,7.22517707389958e-06
AP001266.1,2.4083923579665266e-06,7.22517707389958e-06
LINC02560,2.4083923579665266e-06,7.22517707389958e-06
ERICH4,2.4083923579665266e-06,7.22517707389958e-06
CASP5,2.4083923579665266e-06,7.22517707389958e-06
GPD1,2.4083923579665266e-06,7.22517707389958e-06
ZSCAN5B,2.4083923579665266e-06,7.22517707389958e-06
GLTPD2,2.4083923579665266e-06,7.22517707389958e-06
KCNJ6,2.4083923579665266e-06,7.22517707389958e-06
LINC02338,2.4083923579665266e-06,7.22517707389958e-06
L3MBTL4-AS1,2.4083923579665266e-06,7.22517707389958e-06
KLB,2.4083923579665266e-06,7.22517707389958e-06
AC116366.2,2.4083923579665266e-06,7.22517707389958e-06
AL390955.2,2.4083923579665266e-06,7.22517707389958e-06
CFAP97D1,2.4083923579665266e-06,7.22517707389958e-06
MYOCOS,2.4083923579665266e-06,7.22517707389958e-06
AL731577.1,2.4083923579665266e-06,7.22517707389958e-06
MAGEA4,2.4083923579665266e-06,7.22517707389958e-06
NRXN2,2.4083923579665266e-06,7.22517707389958e-06
AL136115.2,2.4083923579665266e-06,7.22517707389958e-06
CYP1A1,2.4083923579665266e-06,7.22517707389958e-06
TEX101,2.4083923579665266e-06,7.22517707389958e-06
AC005019.2,2.4083923579665266e-06,7.22517707389958e-06
TNFSF9,2.4083923579665266e-06,7.22517707389958e-06
CSF2,2.4083923579665266e-06,7.22517707389958e-06
THBS2,2.4083923579665266e-06,7.22517707389958e-06
CPNE5,2.4083923579665266e-06,7.22517707389958e-06
AL353807.2,2.4083923579665266e-06,7.22517707389958e-06
AL049835.1,2.4083923579665266e-06,7.22517707389958e-06
CEBPA-DT,2.4083923579665266e-06,7.22517707389958e-06
HNF1A,2.4083923579665266e-06,7.22517707389958e-06
AKR1D1,2.4083923579665266e-06,7.22517707389958e-06
PRMT5-AS1,2.4083923579665266e-06,7.22517707389958e-06
RAD51AP2,2.4083923579665266e-06,7.22517707389958e-06
PRTN3,2.4083923579665266e-06,7.22517707389958e-06
AL357552.2,2.4083923579665266e-06,7.22517707389958e-06
AC138781.1,2.4083923579665266e-06,7.22517707389958e-06
INHBE,2.4083315600442744e-06,1.2793572495740983e-05
UBE2T,2.3667147403427792e-06,4.71854947948741e-05
GCM1,2.360888033114961e-06,1.2890478741704166e-05
AL049874.3,2.3608171245914634e-06,7.08245137377439e-06
AL121929.2,2.3608171245914634e-06,7.08245137377439e-06
GABRR2,2.3608171245914634e-06,7.08245137377439e-06
OR51B4,2.3608171245914634e-06,7.08245137377439e-06
FGF23,2.3608171245914634e-06,7.08245137377439e-06
AC005480.1,2.3608171245914634e-06,7.08245137377439e-06
WWTR1-AS1,2.3608171245914634e-06,7.08245137377439e-06
AC005920.1,2.3608171245914634e-06,7.08245137377439e-06
LINC01297,2.3608171245914634e-06,7.08245137377439e-06
WDFY3-AS1,2.3608171245914634e-06,7.08245137377439e-06
ZNF660,2.3608171245914634e-06,7.08245137377439e-06
GAS5-AS1,2.3608171245914634e-06,7.08245137377439e-06
AC009948.3,2.3608171245914634e-06,7.08245137377439e-06
TP53AIP1,2.3608171245914634e-06,7.08245137377439e-06
TTC16,2.3608171245914634e-06,7.08245137377439e-06
AC007950.2,2.3608171245914634e-06,7.08245137377439e-06
TNF,2.3608171245914634e-06,7.08245137377439e-06
AC005779.1,2.3608171245914634e-06,7.08245137377439e-06
TMEM132C,2.3608171245914634e-06,7.08245137377439e-06
TLL1,2.3608171245914634e-06,7.08245137377439e-06
OPRD1,2.3608171245914634e-06,7.08245137377439e-06
CT62,2.3608171245914634e-06,7.08245137377439e-06
ADRA2A,2.3608171245914634e-06,7.08245137377439e-06
NCMAP,2.3608171245914634e-06,7.08245137377439e-06
AL590434.1,2.3608171245914634e-06,7.08245137377439e-06
DLL4,2.3608171245914634e-06,7.08245137377439e-06
NEFM,2.3608171245914634e-06,7.08245137377439e-06
AL449106.1,2.3608171245914634e-06,7.08245137377439e-06
AC092337.1,2.3608171245914634e-06,7.08245137377439e-06
SEMA4A,2.3608171245914634e-06,7.08245137377439e-06
AC110285.5,2.3608171245914634e-06,7.08245137377439e-06
RNF103-CHMP3,2.3608171245914634e-06,7.08245137377439e-06
DMP1,2.3608171245914634e-06,7.08245137377439e-06
PTPRZ1,2.3608171245914634e-06,7.08245137377439e-06
SLC8A2,2.3608171245914634e-06,7.08245137377439e-06
AP000223.1,2.3608171245914634e-06,7.08245137377439e-06
PKLR,2.3608171245914634e-06,7.08245137377439e-06
PITRM1-AS1,2.3608171245914634e-06,7.08245137377439e-06
PLEKHD1,2.3608171245914634e-06,7.08245137377439e-06
ACTC1,2.3608171245914634e-06,7.08245137377439e-06
POU3F2,2.3608171245914634e-06,7.08245137377439e-06
IL10,2.3608171245914634e-06,7.08245137377439e-06
IL31,2.3608171245914634e-06,7.08245137377439e-06
IGSF11,2.3608171245914634e-06,7.08245137377439e-06
AL136987.1,2.3608171245914634e-06,7.08245137377439e-06
AL138895.1,2.3608171245914634e-06,7.08245137377439e-06
DCDC2C,2.3608171245914634e-06,7.08245137377439e-06
REM2,2.3608171245914634e-06,7.08245137377439e-06
AC138819.1,2.3608171245914634e-06,7.08245137377439e-06
RPL3L,2.3608171245914634e-06,7.08245137377439e-06
AC127164.1,2.3608171245914634e-06,7.08245137377439e-06
NMUR1,2.3608171245914634e-06,7.08245137377439e-06
AC091982.3,2.3608171245914634e-06,7.08245137377439e-06
CABP4,2.3608171245914634e-06,7.08245137377439e-06
MAFA,2.3608171245914634e-06,7.08245137377439e-06
SPDYE1,2.3608171245914634e-06,7.08245137377439e-06
LINC01844,2.3608171245914634e-06,7.08245137377439e-06
LINC01198,2.3608171245914634e-06,7.08245137377439e-06
AQP7,2.3608171245914634e-06,7.08245137377439e-06
AC090023.2,2.3608171245914634e-06,7.08245137377439e-06
SIGLEC11,2.3608171245914634e-06,7.08245137377439e-06
SLC47A2,2.3608171245914634e-06,7.08245137377439e-06
AC084855.1,2.3608171245914634e-06,7.08245137377439e-06
HAVCR2,2.3608171245914634e-06,7.08245137377439e-06
GSN-AS1,2.3608171245914634e-06,7.08245137377439e-06
EPO,2.3608171245914634e-06,7.08245137377439e-06
ELANE,2.3608171245914634e-06,7.08245137377439e-06
ECSCR,2.3608171245914634e-06,7.08245137377439e-06
MIR9-3HG,2.3608171245914634e-06,7.08245137377439e-06
AC025219.1,2.3608171245914634e-06,7.08245137377439e-06
AC048382.1,2.3608171245914634e-06,7.08245137377439e-06
AC025031.2,2.3608171245914634e-06,7.08245137377439e-06
C12orf50,2.3608171245914634e-06,7.08245137377439e-06
KRTDAP,2.3608171245914634e-06,7.08245137377439e-06
LCK,2.3608171245914634e-06,7.08245137377439e-06
LINC02033,2.3608171245914634e-06,7.08245137377439e-06
GRASP,2.3608171245914634e-06,7.08245137377439e-06
AC021549.1,2.3608171245914634e-06,7.08245137377439e-06
AC024901.1,2.3608171245914634e-06,7.08245137377439e-06
FAM221B,2.3608171245914634e-06,7.08245137377439e-06
AC005150.1,2.3608171245914634e-06,7.08245137377439e-06
TMEM95,2.3608171245914634e-06,7.08245137377439e-06
AC002310.2,2.3608171245914634e-06,7.08245137377439e-06
AC004528.1,2.3608171245914634e-06,7.08245137377439e-06
MAGEC1,2.313317854651942e-06,7.099696984198655e-06
C13orf46,2.313317854651942e-06,7.099696984198655e-06
AL135791.1,2.313317854651942e-06,7.099696984198655e-06
AL139246.5,2.313317854651942e-06,7.099696984198655e-06
HP,2.313312799739897e-06,1.2810849146107349e-05
AC126773.4,2.313312799739897e-06,1.2810849146107349e-05
NALT1,2.3130092257406253e-06,1.2855989969707105e-05
PACERR,2.3001631686780933e-06,2.4130477230675904e-05
SOX2,2.2957746652507717e-06,1.3116486511883537e-05
ASGR1,2.2834742753441438e-06,2.2706416613105694e-05
TBC1D10C,2.2658135298003756e-06,1.2820215396333296e-05
C15orf62,2.2658084748883313e-06,1.667543345478614e-05
HIF1A-AS2,2.251444511336409e-06,1.774387252773418e-05
AP001527.1,2.2139594500036884e-06,6.641878350011065e-06
TMEM100,2.213666212291798e-06,1.6354445574283507e-05
RPS6KA6,2.1794680767461825e-06,1.2347556047058176e-05
FBXL19-AS1,2.166095009115132e-06,7.3415699930741205e-06
TPX2,2.1505873072480418e-06,7.297447956292444e-05
LINC00957,2.1189885355710205e-06,1.3218043902455045e-05
AC124798.1,2.118637341386176e-06,6.355912024158528e-06
RANBP3L,2.118637341386176e-06,6.355912024158528e-06
AL450306.1,2.118637341386176e-06,6.355912024158528e-06
CADM2,2.118637341386176e-06,6.355912024158528e-06
KCNJ3,2.118637341386176e-06,6.355912024158528e-06
PRTFDC1,2.118637341386176e-06,6.355912024158528e-06
TESPA1,2.118637341386176e-06,6.355912024158528e-06
EMX2OS,2.118637341386176e-06,6.355912024158528e-06
SDR42E2,2.118637341386176e-06,6.355912024158528e-06
IFNG,2.118637341386176e-06,6.355912024158528e-06
DDN-AS1,2.1186333160727598e-06,1.5871642885611392e-05
AC093677.2,2.105068253910325e-06,1.640574169950216e-05
PRSS22,2.084505058674857e-06,1.2454202321350033e-05
AL672291.1,2.0844341501513596e-06,6.25330245045408e-06
CHRNG,2.0844341501513596e-06,6.25330245045408e-06
AC092718.1,2.0844341501513596e-06,6.253302450454079e-06
AC098936.1,2.0844341501513596e-06,6.25330245045408e-06
LINC01647,2.0844341501513596e-06,6.25330245045408e-06
AL353759.1,2.0844341501513596e-06,6.25330245045408e-06
C12orf77,2.0844341501513596e-06,6.25330245045408e-06
LINC01126,2.0844341501513596e-06,6.25330245045408e-06
AC012150.1,2.0844341501513596e-06,6.25330245045408e-06
AC022613.1,2.0844341501513596e-06,6.25330245045408e-06
IKZF3,2.0844341501513596e-06,6.25330245045408e-06
PRKCA-AS1,2.0844341501513596e-06,6.25330245045408e-06
AL589743.5,2.0844341501513596e-06,6.25330245045408e-06
SEZ6,2.0502101140573716e-06,1.1295179419380889e-05
PRPH,1.9717940332841797e-06,7.48476764907067e-06
LINC00894,1.829382040108296e-06,1.297938839492313e-05
AL031280.1,1.76054685085969e-06,1.1907892817402506e-05
TGM2,1.605157805772972e-06,8.461084983262679e-05
AC003092.1,1.0910429485089247e-06,1.642714164838823e-05
CCNA1,1.0726247092973652e-06,2.868404378511185e-05
AL354719.2,9.682141180689109e-07,3.03195059135409e-05
FAM43A,6.967741731034316e-07,7.332994430123898e-05
AL391262.1,5.182830257965953e-07,1.0531817123560058e-05
LINC01554,4.7519491142011816e-07,0.0
LRRC70,4.3642643478003506e-07,1.3092793043401053e-06
HIST1H4A,4.3642643478003506e-07,1.3092793043401053e-06
AL136162.1,4.2767542027810637e-07,1.4255847342603546e-07
AL031777.3,3.7079821911811807e-07,1.2210646433455255e-05
AC009229.2,3.2398204996564317e-07,1.0067086790696656e-05
AC022167.4,2.8973417172117876e-07,1.0139364709403495e-05
ATP5MF-PTCD1,2.7640681659057976e-07,9.955191487379271e-06
AL360012.1,2.7523954347907776e-07,7.180759473607457e-06
CCDC144NL-AS1,2.545856133351343e-07,7.170499876397452e-06
RHO,2.418154112837634e-07,1.1109414784538867e-05
AL021068.1,2.1569608806837338e-07,2.3041971008051446e-05
LINC01970,1.9483184516833062e-07,3.185981867492298e-05
ZNF366,1.9459784574848982e-07,1.0690321009429017e-05
TOR4A,1.9444279287794685e-07,1.5546899995635763e-05
TNFSF14,1.4262940983833516e-07,1.0773042573185877e-05
AC098829.1,1.4254836204763422e-07,1.5082580259469743e-05
ARC,1.3825279389090283e-07,1.0688086161369848e-05
CEL,1.3390011877056907e-07,1.5107549125979012e-05
CYP26B1,1.33898896947926e-07,1.8073634531071053e-05
B4GALNT2,1.1259345973346768e-07,1.1024407673176028e-05
AC073429.2,1.1259345973346768e-07,1.1024407673176028e-05
LINC00261,1.1259345973346768e-07,1.1024407673176026e-05
AC106779.1,1.1259345973346768e-07,1.1024407673176028e-05
AC090651.1,1.1259345973346768e-07,1.1024407673176028e-05
AP001189.4,9.805870675450023e-08,7.56309658580534e-06
AQP3,9.503392659482301e-08,1.0665576999038654e-05
HIST4H4,9.50288709056224e-08,1.5082205933224069e-05
AL451007.3,9.50288709056224e-08,1.5082205933224069e-05
PTPN7,4.75144354528112e-08,1.06648359353375e-05
SPTBN4,4.75144354528112e-08,1.0664835935337496e-05
AL031594.1,4.75144354528112e-08,1.06648359353375e-05
AP003469.4,4.75144354528112e-08,1.0664835935337498e-05
AC008537.4,4.75144354528112e-08,1.0664835935337496e-05
CABP7,4.75144354528112e-08,1.0664835935337496e-05
AC108174.1,4.75144354528112e-08,1.0664835935337498e-05
ASPRV1,4.75144354528112e-08,1.06648359353375e-05
AL122035.1,4.75144354528112e-08,1.0664835935337498e-05
CD70,7.090852349733722e-11,1.0770499502463262e-05
LINC01447,0.0,0.0
LINC01320,0.0,0.0
OR8D1,0.0,0.0
AL096677.1,0.0,0.0
AL050320.1,0.0,0.0
AL121992.1,0.0,0.0
AL121832.1,0.0,0.0
AL121809.1,0.0,0.0
OR7D2,0.0,0.0
AL117339.4,0.0,0.0
AL139260.3,0.0,0.0
AL161729.4,0.0,0.0
NEUROD2,0.0,0.0
NPIPB11,0.0,0.0
NPIPA7,0.0,0.0
NPC1L1,0.0,0.0
NOTUM,0.0,0.0
NTRK3,0.0,0.0
OR8B2,0.0,0.0
AL358781.2,0.0,0.0
AL358334.3,0.0,0.0
NAT16,0.0,0.0
NANOGP11,0.0,0.0
LINC00479,0.0,0.0
LINC00452,0.0,0.0
LINC00923,0.0,0.0
LINC00659,0.0,0.0
LINC01220,0.0,0.0
PLIN5,0.0,0.0
PLG,0.0,0.0
PLEKHS1,0.0,0.0
PLCH2,0.0,0.0
PLAU,0.0,0.0
AIRN,0.0,0.0
AL031768.1,0.0,0.0
AL031709.1,0.0,0.0
KIAA2012,0.0,0.0
NUTM2D,0.0,0.0
KCNV2,0.0,0.0
KRT23,0.0,0.0
KLHL33,0.0,0.0
AL031432.1,0.0,0.0
AL031429.1,0.0,0.0
CAMK1D,0.0,0.0
KCNQ2,0.0,0.0
KCNK5,0.0,0.0
CARS-AS1,0.0,0.0
CARD14,0.0,0.0
KCP,0.0,0.0
OR5AU1,0.0,0.0
OR2A42,0.0,0.0
ONECUT3,0.0,0.0
AL031963.1,0.0,0.0
OXT,0.0,0.0
OVCH1-AS1,0.0,0.0
C11orf97,0.0,0.0
BX470102.1,0.0,0.0
C4A,0.0,0.0
C2orf80,0.0,0.0
PIK3IP1-AS1,0.0,0.0
C19orf67,0.0,0.0
AL160408.3,0.0,0.0
LAX1,0.0,0.0
LACTB2-AS1,0.0,0.0
KRTAP4-4,0.0,0.0
LGR5,0.0,0.0
LEMD1,0.0,0.0
LDB2,0.0,0.0
PCDH11Y,0.0,0.0
PALM,0.0,0.0
C1QTNF7,0.0,0.0
ARHGEF33,0.0,0.0
LMOD1,0.0,0.0
TSIX,0.0,0.0
AP003063.1,0.0,0.0
AP002812.2,0.0,0.0
AP001496.2,0.0,0.0
FRG2,0.0,0.0
GCNT7,0.0,0.0
TSSK6,0.0,0.0
LINC01480,0.0,0.0
AC010422.1,0.0,0.0
AC010323.1,0.0,0.0
AC009955.2,0.0,0.0
AC009812.3,0.0,0.0
FO393401.1,0.0,0.0
GRIK5,0.0,0.0
AC020661.2,0.0,0.0
AC019171.1,0.0,0.0
AC018638.7,0.0,0.0
AC005740.4,0.0,0.0
GGT6,0.0,0.0
UCA1,0.0,0.0
TULP2,0.0,0.0
AC002463.1,0.0,0.0
LINC01949,0.0,0.0
AP001469.1,0.0,0.0
LOR,0.0,0.0
AC008434.1,0.0,0.0
AC008277.1,0.0,0.0
AC008641.1,0.0,0.0
AC009093.2,0.0,0.0
AC009060.1,0.0,0.0
AC009041.2,0.0,0.0
UNC5B,0.0,0.0
UNC13A,0.0,0.0
ZBBX,0.0,0.0
Z99289.1,0.0,0.0
Z98885.2,0.0,0.0
ZNF280A,0.0,0.0
AC009034.1,0.0,0.0
AC008080.1,0.0,0.0
AP000919.4,0.0,0.0
MIXL1,0.0,0.0
MIR7-3HG,0.0,0.0
AQP10,0.0,0.0
AP005482.1,0.0,0.0
MAEL,0.0,0.0
LY75,0.0,0.0
LRRN4CL,0.0,0.0
AL646090.1,0.0,0.0
TMPRSS12,0.0,0.0
LINC01558,0.0,0.0
LINC01523,0.0,0.0
KISS1R,0.0,0.0
LINC01467,0.0,0.0
LINC01465,0.0,0.0
ASB11,0.0,0.0
AL158071.4,0.0,0.0
AL157884.2,0.0,0.0
AL157402.2,0.0,0.0
LINC01600,0.0,0.0
TMEM45B,0.0,0.0
AATBC,0.0,0.0
AC009486.1,0.0,0.0
FCRL2,0.0,0.0
GREM1,0.0,0.0
GRAMD2A,0.0,0.0
ELL3,0.0,0.0
ELFN1,0.0,0.0
ELF3,0.0,0.0
ALKBH3-AS1,0.0,0.0
AC007952.5,0.0,0.0
AC005616.1,0.0,0.0
AC005180.2,0.0,0.0
AC004471.2,0.0,0.0
Z82244.2,0.0,0.0
XIST,0.0,0.0
WSCD2,0.0,0.0
AC005944.1,0.0,0.0
MAGEA2,0.0,0.0
ANKRD35,0.0,0.0
EGR4,0.0,0.0
AC068189.1,0.0,0.0
AC034236.3,0.0,0.0
AC073934.1,0.0,0.0
CXCL5,0.0,0.0
CTSG,0.0,0.0
DACT3-AS1,0.0,0.0
HIST1H2BM,0.0,0.0
EEF1A2,0.0,0.0
AC017104.3,0.0,0.0
PRKG2,0.0,0.0
GK-AS1,0.0,0.0
GJA1,0.0,0.0
AC008033.3,0.0,0.0
AL357033.1,0.0,0.0
AL354892.1,0.0,0.0
AL354710.2,0.0,0.0
LINC00167,0.0,0.0
LINC00483,0.0,0.0
AL603832.2,0.0,0.0
FAM19A4,0.0,0.0
HOXD1,0.0,0.0
CTRC,0.0,0.0
HTR2A,0.0,0.0
HTN1,0.0,0.0
HS3ST2,0.0,0.0
AC092953.2,0.0,0.0
AC092809.4,0.0,0.0
CST5,0.0,0.0
CRYAB,0.0,0.0
AC068389.4,0.0,0.0
AC069234.4,0.0,0.0
SPRR2D,0.0,0.0
AC078880.3,0.0,0.0
SV2C,0.0,0.0
SUCNR1,0.0,0.0
STATH,0.0,0.0
AC026355.1,0.0,0.0
SOX8,0.0,0.0
AC068831.1,0.0,0.0
CRCT1,0.0,0.0
TTLL10,0.0,0.0
AC004232.2,0.0,0.0
AC004231.1,0.0,0.0
AC009303.2,0.0,0.0
LINC02465,0.0,0.0
AL357033.4,0.0,0.0
FNDC7,0.0,0.0
GIMAP8,0.0,0.0
SYT5,0.0,0.0
AL591767.1,0.0,0.0
F2RL3,0.0,0.0
EXTL3-AS1,0.0,0.0
GDA,0.0,0.0
AC011446.2,0.0,0.0
AC010931.3,0.0,0.0
AC010531.3,0.0,0.0
TRAPPC12-AS1,0.0,0.0
TPRG1-AS1,0.0,0.0
TPH2,0.0,0.0
GABRG2,0.0,0.0
MUC5AC,0.0,0.0
MYO15B,0.0,0.0
MYLK4,0.0,0.0
MYCT1,0.0,0.0
MYBPH,0.0,0.0
LINC01847,0.0,0.0
ATCAY,0.0,0.0
ST14,0.0,0.0
AC022087.1,0.0,0.0
AC007619.1,0.0,0.0
AC021188.1,0.0,0.0
AC020922.4,0.0,0.0
AC020911.2,0.0,0.0
AC011595.1,0.0,0.0
AC024933.1,0.0,0.0
MIR122HG,0.0,0.0
MSH5-SAPCD1,0.0,0.0
MOG,0.0,0.0
AL450992.1,0.0,0.0
AL590006.1,0.0,0.0
AC021683.3,0.0,0.0
AC090377.1,0.0,0.0
AC091948.1,0.0,0.0
AC091493.1,0.0,0.0
TEX14,0.0,0.0
AC015853.1,0.0,0.0
AC015802.1,0.0,0.0
AC013549.2,0.0,0.0
AC012485.3,0.0,0.0
AC012213.2,0.0,0.0
CPEB1-AS1,0.0,0.0
TAF1L,0.0,0.0
AC025430.1,0.0,0.0
AC025262.1,0.0,0.0
AC011944.1,0.0,0.0
AC022098.3,0.0,0.0
EPHA1,0.0,0.0
ENTPD2,0.0,0.0
GRK7,0.0,0.0
PLA2G12B,0.0,0.0
DSG3,0.0,0.0
PPIAL4G,0.0,0.0
PPEF2,0.0,0.0
PTGIR,0.0,0.0
PROX2,0.0,0.0
C8orf34,0.0,0.0
CD244,0.0,0.0
CD101,0.0,0.0
PRELP,0.0,0.0
ACTN2,0.0,0.0
SLC5A10,0.0,0.0
ADAMTS8,0.0,0.0
ADAMTS4,0.0,0.0
CES1,0.0,0.0
INSM2,0.0,0.0
INSM1,0.0,0.0
COL2A1,0.0,0.0
SHH,0.0,0.0
AC084756.1,0.0,0.0
SLC6A1,0.0,0.0
ACSM4,0.0,0.0
CDC20B,0.0,0.0
RASD2,0.0,0.0
AC126175.1,0.0,0.0
AC124283.2,0.0,0.0
CNTD2,0.0,0.0
IGFL2-AS1,0.0,0.0
IFNA2,0.0,0.0
SHANK2,0.0,0.0
SFTPD-AS1,0.0,0.0
ACRBP,0.0,0.0
SLC35G4,0.0,0.0
SLC34A3,0.0,0.0
SLC30A2,0.0,0.0
SLC25A30-AS1,0.0,0.0
CHRNA6,0.0,0.0
AC103724.3,0.0,0.0
SENP3-EIF4A1,0.0,0.0
SEMA3F-AS1,0.0,0.0
SCGB2B2,0.0,0.0
SERPINE3,0.0,0.0
ACOD1,0.0,0.0
AC245052.7,0.0,0.0
AC244197.3,0.0,0.0
AC244034.2,0.0,0.0
PLK5,0.0,0.0
ADAM30,0.0,0.0
AC113414.1,0.0,0.0
AC112907.1,0.0,0.0
AC110792.2,0.0,0.0
CDKN2A-DT,0.0,0.0
RGMA,0.0,0.0
AC092171.1,0.0,0.0
RTEL1-TNFRSF6B,0.0,0.0
RASD1,0.0,0.0
AC104126.1,0.0,0.0
RBFOX3,0.0,0.0
RBBP8NL,0.0,0.0
AC109460.4,0.0,0.0
IGLCOR22-2,0.0,0.0
CEACAM16,0.0,0.0
RNASE13,0.0,0.0
AC239803.1,-6.079792225222036e-11,1.0558031095051455e-05
LINC00243,-1.292104241379377e-08,1.0727690161717014e-05
GLIPR1L1,-3.422403609398827e-08,9.398649428506733e-06
AL358933.1,-4.7499269939521584e-08,1.4249780981856473e-07
CCDC27,-4.7499269939521584e-08,1.4249780981856473e-07
HBA1,-4.750432485156608e-08,1.066454126229709e-05
ARHGAP30,-4.750432485156608e-08,1.066454126229709e-05
TMEM47,-4.750432485156608e-08,1.066454126229709e-05
AC017067.1,-4.750432485156608e-08,1.066454126229709e-05
AC127002.1,-4.750432485156608e-08,1.066454126229709e-05
AL118558.3,-4.750432485156608e-08,1.066454126229709e-05
ADAMTS16,-4.750432485156608e-08,1.066454126229709e-05
PAGE5,-4.750432485156608e-08,1.066454126229709e-05
AL136131.3,-4.750432485156608e-08,1.066454126229709e-05
HSD11B1,-4.750432485156608e-08,1.066454126229709e-05
ADA2,-4.750432485156608e-08,1.066454126229709e-05
FAM129C,-4.750432485156608e-08,1.066454126229709e-05
ITGAM,-6.203879827637593e-08,7.082804070712712e-06
AC009053.2,-8.173080443540925e-08,1.1457795903860136e-05
DCLK1,-9.500864970313216e-08,1.5081789262176923e-05
ADAMTS9-AS2,-9.500864970313216e-08,1.5081789262176924e-05
AL136038.5,-1.1256195048270357e-07,1.1024652990425893e-05
LINC00565,-1.1256195048270357e-07,1.1024652990425891e-05
AL512604.3,-1.2579258482636745e-07,9.411383754363168e-06
LINC01562,-1.4251297455469825e-07,1.8471160792988455e-05
AL139274.2,-1.425737525595494e-07,2.1275506438989207e-05
AC005837.1,-1.4686415296116805e-07,1.068163116879419e-05
HMGB1,-2.2614567172229982e-07,7.822718848726919e-05
FOXD3,-2.2892933690954464e-07,1.4590225406800388e-05
FOXL1,-2.4182858902044304e-07,1.1109173731515756e-05
AC135178.3,-2.422405811275397e-07,1.0028210557928099e-05
PLAC8L1,-2.4229734885139464e-07,7.268920465541839e-07
AC108134.2,-2.510798470578557e-07,1.5548720670498813e-05
CLDN6,-2.5545585282671366e-07,9.439693279818999e-06
COX6B2,-2.8932908082701656e-07,1.0688113856295247e-05
TRIML2,-2.896841080568535e-07,1.0139154156001963e-05
GATA3-AS1,-2.896841080568535e-07,1.0139154156001963e-05
AC100830.1,-2.896841080568535e-07,1.0139154156001963e-05
LINC02172,-2.896841080568535e-07,1.0139154156001963e-05
IL1A,-2.896841080568535e-07,1.0139154156001963e-05
MIAT,-2.897449059791057e-07,1.4638115738675575e-05
AC131212.1,-3.044137518060097e-07,6.35567921012381e-06
AC016727.1,-3.371175451127861e-07,1.8234605231311583e-05
AMZ1,-3.371316602995833e-07,1.779176201748429e-05
AC073263.2,-3.504672811405207e-07,2.8818662367695317e-05
LINC02198,-4.365983246823468e-07,1.3097949740470407e-06
ZKSCAN7,-4.749926993952158e-07,0.0
MUC20,-5.182112865487198e-07,1.5546338596461597e-06
ANKRD1,-5.460036749616037e-07,2.7565949222801707e-05
SOST,-6.44614315914449e-07,1.0421607387172503e-05
RSRC2,-6.508697873663927e-07,9.486164967063181e-05
CXCL3,-7.129956158258288e-07,6.393253601810242e-05
CST7,-1.1744914771516513e-06,2.5040700358665723e-05
AC062029.1,-1.7604282580352403e-06,1.190797029259955e-05
AL645728.1,-1.785235552209663e-06,1.9925863317983223e-05
PRX,-1.9718950146629943e-06,7.4844126302181586e-06
ZNF208,-2.0179617462479095e-06,1.716877734370084e-05
LAG3,-2.0844103080008835e-06,6.253230924002651e-06
HAND1,-2.0844103080008835e-06,6.253230924002651e-06
AC007220.1,-2.0844103080008835e-06,6.253230924002651e-06
MUC16,-2.0844103080008835e-06,6.253230924002651e-06
AC130456.5,-2.0844103080008835e-06,6.253230924002651e-06
CA14,-2.0844103080008835e-06,6.253230924002651e-06
AC024267.4,-2.118658186245348e-06,6.355974558736044e-06
ASIC4,-2.118658186245348e-06,6.355974558736044e-06
AC131094.1,-2.118658186245348e-06,6.355974558736044e-06
AC136469.1,-2.118658186245348e-06,6.355974558736044e-06
STAR,-2.118658186245348e-06,6.355974558736044e-06
CFAP53,-2.118658186245348e-06,6.355974558736044e-06
HCLS1,-2.1190625112299523e-06,1.3218342985098083e-05
TTC39C-AS1,-2.1319146328524497e-06,1.2354646911804067e-05
AC110048.2,-2.2183295604660812e-06,1.66829555813758e-05
NKAPL,-2.3133584313717037e-06,7.099887283507548e-06
LINC00862,-2.313363487060904e-06,1.2811197374800789e-05
AL358472.5,-2.313363487060904e-06,1.2811197374800789e-05
AL136038.3,-2.313363487060904e-06,1.2811197374800789e-05
MAB21L3,-2.326650889128423e-06,1.177531513185133e-05
NECAB1,-2.3299532459275517e-06,1.9092034298508867e-05
FGF8,-2.3608678119124704e-06,2.7065812552657706e-05
AL121772.1,-2.3608779225137156e-06,7.0826337675411464e-06
MXRA8,-2.3608779225137156e-06,7.0826337675411464e-06
AC100827.4,-2.3608779225137156e-06,7.0826337675411464e-06
BEST2,-2.3608779225137156e-06,7.0826337675411464e-06
HMGN3-AS1,-2.3608779225137156e-06,7.0826337675411464e-06
AC073320.1,-2.3608779225137156e-06,7.0826337675411464e-06
MSTN,-2.3608779225137156e-06,7.0826337675411464e-06
LINC00895,-2.3608779225137156e-06,7.0826337675411464e-06
AC105460.2,-2.3608779225137156e-06,7.0826337675411464e-06
RUNDC3B,-2.3608779225137156e-06,7.0826337675411464e-06
BTG2,-2.3608779225137156e-06,7.0826337675411464e-06
KCNIP2,-2.3608779225137156e-06,7.0826337675411464e-06
AC010761.2,-2.3608779225137156e-06,7.0826337675411464e-06
CFHR4,-2.3608779225137156e-06,7.0826337675411464e-06
AL110118.2,-2.3608779225137156e-06,7.0826337675411464e-06
OR3A3,-2.3608779225137156e-06,7.0826337675411464e-06
AC079354.1,-2.3608779225137156e-06,7.0826337675411464e-06
AC019117.2,-2.3608779225137156e-06,7.0826337675411464e-06
LILRB3,-2.3608779225137156e-06,7.0826337675411464e-06
IL21R,-2.3608779225137156e-06,7.0826337675411464e-06
CNDP1,-2.3608779225137156e-06,7.0826337675411464e-06
AC135050.3,-2.3608779225137156e-06,7.0826337675411464e-06
CLIC3,-2.3608779225137156e-06,7.0826337675411464e-06
SBSN,-2.3608779225137156e-06,7.0826337675411464e-06
ALDH1L1,-2.4083214494430292e-06,7.224964348329088e-06
FAM71E2,-2.4083214494430292e-06,7.224964348329088e-06
Z93241.1,-2.4083214494430292e-06,7.224964348329088e-06
ZNF23,-2.4083214494430292e-06,7.224964348329088e-06
FTCD,-2.4083214494430292e-06,7.224964348329088e-06
FOXD4L1,-2.4083214494430292e-06,7.224964348329088e-06
FOXD2,-2.4083214494430292e-06,7.224964348329088e-06
GCOM1,-2.4083214494430292e-06,7.224964348329088e-06
TSPOAP1,-2.4083214494430292e-06,7.224964348329088e-06
KLF17,-2.4083214494430292e-06,7.224964348329088e-06
OTP,-2.4083214494430292e-06,7.224964348329088e-06
CALML6,-2.4083214494430292e-06,7.224964348329088e-06
AL121761.2,-2.4083214494430292e-06,7.224964348329088e-06
ADM2,-2.4083214494430292e-06,7.224964348329088e-06
AL031772.1,-2.4083214494430292e-06,7.224964348329088e-06
ACTN3,-2.4083214494430292e-06,7.224964348329088e-06
LINC00563,-2.4083214494430292e-06,7.224964348329088e-06
TLX2,-2.4083214494430292e-06,7.224964348329088e-06
AL451085.1,-2.4083214494430292e-06,7.224964348329088e-06
SLC9C2,-2.4083214494430292e-06,7.224964348329088e-06
TIGIT,-2.4083214494430292e-06,7.224964348329088e-06
LINC02331,-2.4083214494430292e-06,7.224964348329088e-06
HIST3H2BB,-2.4083214494430292e-06,7.224964348329088e-06
LINC01144,-2.4083214494430292e-06,7.224964348329088e-06
AC083843.2,-2.4083214494430292e-06,7.224964348329088e-06
ATP1A3,-2.4083214494430292e-06,7.224964348329088e-06
CRH,-2.4083214494430292e-06,7.224964348329088e-06
AC114284.1,-2.4083214494430292e-06,7.224964348329088e-06
AC111182.1,-2.4083214494430292e-06,7.224964348329088e-06
NPPA-AS1,-2.4083214494430292e-06,7.224964348329088e-06
AC092171.3,-2.4083214494430292e-06,7.224964348329088e-06
AC103876.1,-2.4083214494430292e-06,7.224964348329088e-06
AC114763.2,-2.4083214494430292e-06,7.2249643483290885e-06
AC139749.1,-2.455820719382551e-06,7.210522064259493e-06
PTOV1-AS1,-2.4558257742945955e-06,1.2872596428106525e-05
AL109811.1,-2.4558257742945955e-06,1.2872596428106525e-05
ZNF320,-2.4558257742945955e-06,1.2872596428106527e-05
TUBA4B,-2.4558257742945955e-06,1.2872596428106525e-05
AC090739.1,-2.4558257742945955e-06,1.2872596428106527e-05
TPPP,-2.4558257742945955e-06,1.2872596428106525e-05
DUSP2,-2.486727275063938e-06,1.2070716585045921e-05
HOXA9,-2.490052253878439e-06,1.3530984025943436e-05
AC006483.2,-2.5033199893553792e-06,2.250910328926699e-05
ATAD3C,-2.503325044234117e-06,1.286432060250166e-05
OSM,-2.503380760932039e-06,1.2776742387309013e-05
AC009163.7,-2.5045132226564347e-06,1.1457887721789474e-05
AL359711.2,-2.507616842706284e-06,1.6997984326810192e-05
PCSK2,-2.5209543084492302e-06,7.562862925347691e-06
AC037459.2,-2.5209543084492302e-06,7.562862925347691e-06
GRIN2B,-2.555256510927695e-06,7.041728493049594e-06
MYH3,-2.5684535783887517e-06,7.54835838278743e-06
AC078850.2,-2.6026457136119063e-06,7.807937140835717e-06
AL160006.1,-2.6501500384634726e-06,1.3207916144326975e-05
MMP25,-2.719052499311481e-06,1.6697846237414018e-05
DLGAP1-AS2,-2.7361604958420216e-06,1.8825358591593136e-05
SPACA6P-AS,-2.7847381621981527e-06,1.3665402998287873e-05
CD52,-2.8325101310011647e-06,2.6887631854418212e-05
COX6A2,-2.9824500375030814e-06,2.0122613138557712e-05
AC007952.6,-3.0055530514272457e-06,1.936003408648081e-05
AL353708.3,-3.0214113909687867e-06,1.9979048009932028e-05
AC016831.1,-3.071030808210473e-06,4.593927746374934e-05
GABPB1-AS1,-3.4149887004453204e-06,9.456981276130443e-05
TLE4,-3.895286441923939e-06,7.265729775662379e-05
WFDC2,-3.910835116172074e-06,3.741579952136269e-05
PLK2,-3.9340955900191155e-06,4.1552567507079915e-05
MAFK,-3.943412304086014e-06,2.908491005067368e-05
HEY1,-3.995926942146344e-06,4.993592625835996e-05
LIF,-4.018028413121932e-06,6.433830199384819e-05
B4GALNT3,-4.189801937037885e-06,1.3636744225823281e-05
AL110292.1,-4.23711413983785e-06,1.626758834870385e-05
TSPYL2,-4.240439701708176e-06,4.1479609805280504e-05
KCNQ1OT1,-4.292659552329603e-06,3.0610364616854924e-05
CCL8,-4.293756087714318e-06,4.875697520414186e-05
AC137834.2,-4.445288230514599e-06,8.912043621907297e-06
ASPM,-4.473230015700213e-06,4.929305529697141e-05
MYH11,-4.479536108759064e-06,8.975429070629146e-06
AC112220.3,-4.492731757443913e-06,9.01460740770956e-06
AC087482.1,-4.540285356335883e-06,1.3463269991746325e-05
AL359922.2,-4.574540728286003e-06,9.780590770106508e-06
ZNF728,-4.605364616450114e-06,9.262309988520144e-06
AC104964.4,-4.721755845027431e-06,9.443511690054862e-06
ZC3H11B,-4.721755845027431e-06,9.443511690054862e-06
MS4A7,-4.721755845027431e-06,9.443511690054862e-06
RCSD1,-4.721755845027431e-06,9.443511690054862e-06
LINC01133,-4.721755845027431e-06,9.443511690054862e-06
LENG9,-4.721755845027431e-06,9.443511690054862e-06
DMRT1,-4.721755845027431e-06,9.443511690054862e-06
AC103706.1,-4.726312485969775e-06,2.99173451412821e-05
AC106028.4,-4.751482876208524e-06,2.108795885535079e-05
MATN4,-4.751553764004157e-06,1.813030390623388e-05
AP002008.1,-4.768849857084145e-06,2.8013206265989333e-05
NPPB,-4.769199371956745e-06,9.538988680102725e-06
SLFNL1,-4.769199371956745e-06,9.538988680102725e-06
DHRS2,-4.769199371956745e-06,9.538988680102725e-06
MIR194-2HG,-4.8166428988860584e-06,9.633285797772117e-06
AP000542.2,-4.8166428988860584e-06,9.633285797772117e-06
RMDN2-AS1,-4.8166428988860584e-06,9.633285797772117e-06
AL139289.1,-4.8166428988860584e-06,9.633285797772117e-06
NPHS1,-4.8166428988860584e-06,9.633285797772117e-06
LINC01048,-4.816698641896266e-06,9.516277827396751e-06
AC135782.1,-4.881949811685882e-06,1.4645849435057645e-05
AL034417.3,-4.915557255502634e-06,1.4635684257324082e-05
AC009113.1,-5.0014081874216744e-06,1.1344718909603082e-05
CNTN2,-5.0109671630549356e-06,1.0031349721502247e-05
AC087241.3,-5.058471487906502e-06,1.4624784864963031e-05
MORF4L2-AS1,-5.059197546697369e-06,3.1237974092613034e-05
GDF15,-5.090062618717806e-06,5.0735726384333326e-05
AC008264.2,-5.153410643976564e-06,2.3737798869444026e-05
STOX2,-5.157776991771002e-06,1.4920241749517624e-05
AC012615.1,-5.167750073242772e-06,2.55992928531893e-05
NR4A1,-5.205291427223813e-06,1.0410582854447625e-05
ADAMTS6,-5.504268404954438e-06,4.328448224372306e-05
TXNIP,-5.599033668080011e-06,3.995856732285432e-05
SAA1,-5.607676888275126e-06,7.008759265466651e-05
AL731563.3,-5.7607106013768394e-06,2.0468151251919997e-05
PIM3,-5.76652130370725e-06,2.9721386557439245e-05
AC015912.3,-5.7783794505716916e-06,7.365905453137888e-05
LHX1,-6.228096669413929e-06,4.3678373592321674e-05
FCGR3A,-6.356378883720648e-06,1.5119051388485676e-05
IGFN1,-7.071512179290806e-06,5.193801651767105e-05
EPN2-AS1,-7.224893460533455e-06,1.5420593240942818e-05
MUC6,-7.419288612497965e-06,1.1344251745585946e-05
AL450270.1,-7.519708974101924e-06,1.0576533223168334e-05
RASL11B,-7.682481320636647e-06,3.262107173767022e-05
CYB5D2,-7.720887351936323e-06,5.101036347243152e-05
TMX4,-7.74454548324588e-06,6.496091276203729e-05
CHI3L1,-7.795152951051154e-06,1.5550110011211778e-05
FTL,-7.809500386823932e-06,6.832965640512447e-05
SQSTM1,-7.883814259856958e-06,3.9619945369489276e-05
MMP3,-8.445263119927215e-06,4.057560606314559e-05
CCDC80,-8.668119909083228e-06,7.00164590214039e-05
TLCD2,-8.851467884474217e-06,1.822564142269939e-05
AP000866.2,-8.898317848793359e-06,2.903282131989612e-05
ESM1,-8.955105761765392e-06,2.5778410757323204e-05
SGO2,-9.131569354292602e-06,0.00010610122346751995
FAM133A,-9.288100487947482e-06,1.8937497281518147e-05
AC122108.2,-9.439039146186268e-06,1.1970060391125073e-05
CKS2,-9.551133897434116e-06,9.179393774315703e-05
KLF6,-9.564966601915969e-06,5.815512625791813e-05
GPR84,-9.585695398106608e-06,1.600441103091851e-05
CDK1,-9.718976851758043e-06,4.058681546381097e-05
IER5,-1.014813452304697e-05,5.5285282162240624e-05
ARL6IP1,-1.0214946882158848e-05,3.618286544312788e-05
CD24,-1.1266329834247468e-05,6.434885228050225e-05
ANLN,-1.1587566683057825e-05,5.580688117941038e-05
AL136531.2,-1.1605627837507626e-05,2.00745458344237e-05
LINC01842,-1.165304303551995e-05,1.6461029523554243e-05
AURKA,-1.1683962663999737e-05,4.546157601040426e-05
AL021453.1,-1.180445041049083e-05,1.5837114616137203e-05
AL161909.2,-1.1876965474921786e-05,1.1436369681066443e-05
AC087392.4,-1.2036965609341089e-05,1.1655045536580435e-05
ADAMTS5,-1.2218941688557638e-05,1.708262617477713e-05
BEX1,-1.2272598434603931e-05,5.0056084049283934e-05
ZNF534,-1.2365494546506817e-05,1.5444867565451143e-05
AP001626.1,-1.246879693461711e-05,1.199455425657875e-05
PAPPA,-1.2698306640779311e-05,3.734468333708438e-05
KRTAP2-3,-1.3064844744770098e-05,2.58771416478213e-05
CRELD2,-1.3274137492125248e-05,6.966248154727814e-05
PAPPA2,-1.3336939147401417e-05,1.0785238810521569e-05
MANF,-1.3337777084865276e-05,8.649458350997119e-05
WNT5A,-1.3432461740581215e-05,5.881817222063334e-05
SMC4,-1.3661102404272096e-05,5.2505236483003786e-05
BHLHE41,-1.3661925277685949e-05,3.743144446800294e-05
HAND2-AS1,-1.3718019286446114e-05,1.0943443277287655e-05
ADAMTS1,-1.3782610553547681e-05,5.0063363655463366e-05
KRT14,-1.3878037682812926e-05,1.0686552656876335e-05
SPDEF,-1.4073803315639566e-05,1.5580584210284797e-05
LINC01659,-1.4165267535082293e-05,1.156589251032121e-05
AL590226.1,-1.4299151612373606e-05,1.1436384261065076e-05
ZFAND2A,-1.4334692692374862e-05,7.369874148738486e-05
LINC01667,-1.4407099952473689e-05,1.931898866596871e-05
PCLAF,-1.4480244135572917e-05,4.074865741578689e-05
AC098818.2,-1.457908405018138e-05,1.6165745394786854e-05
FNDC11,-1.459084831385571e-05,1.3346801463768511e-05
AL137145.2,-1.5166516286535537e-05,1.9498279894145162e-05
KRT8,-1.5273568347939913e-05,3.9318164006831165e-05
KYNU,-1.5287589076484753e-05,2.5036726957246118e-05
SPANXD,-1.5338591077762586e-05,2.6100497023578863e-05
SNAI1,-1.5551307427952298e-05,2.593239913299869e-05
HIST1H1B,-1.5660506410564157e-05,3.7854637469498114e-05
SMTN,-1.567106353858039e-05,5.8503783665556464e-05
ING1,-1.5919437739597697e-05,2.1737162887995456e-05
AC020916.1,-1.5927604426935194e-05,2.9489370910164604e-05
LINC00426,-1.6027209715607782e-05,9.633786728802109e-06
AC073610.3,-1.60749039082142e-05,1.778159952302959e-05
RAPGEFL1,-1.610522773056733e-05,2.8009131329955783e-05
AC092849.1,-1.618928722999513e-05,1.1344559314950407e-05
FGF18,-1.6303677330120613e-05,9.806181002232756e-06
LDHAL6B,-1.6351246089807427e-05,9.014879566396268e-06
AC012447.1,-1.6366051703187168e-05,1.5298463537675452e-05
KRTAP3-1,-1.6382334042996938e-05,2.2297320499588508e-05
MLC1,-1.6413439480689186e-05,1.539466906144044e-05
ATXN2-AS,-1.6413557046357497e-05,1.8868572993747373e-05
PYCARD-AS1,-1.6526145457596008e-05,1.081890178646919e-05
FEV,-1.6526145457596008e-05,1.081890178646919e-05
AC010207.1,-1.657359403302028e-05,1.521368847846665e-05
MYC,-1.6580395669663073e-05,5.195242101598541e-05
KCNMA1,-1.6584741104930244e-05,5.838618500025405e-05
AC092171.2,-1.6642551021650577e-05,1.5272176836467228e-05
CDKN1C,-1.6686145885691506e-05,2.401561883376396e-05
TAC3,-1.6768920909981945e-05,1.0522563216484954e-05
FOSB,-1.6858250146101207e-05,1.1036315339858447e-05
VCX3B,-1.6953248685980248e-05,1.0891893172149684e-05
FAM210A,-1.7019146513674864e-05,3.5741689134910204e-05
AC073957.3,-1.7134698966958516e-05,1.8036202173580935e-05
CCL20,-1.74083118295143e-05,3.248684982914294e-05
SPRY4,-1.7815813218258204e-05,3.0699819012587756e-05
C2-AS1,-1.801417077615941e-05,1.8667456160835904e-05
BMP6,-1.8055080702150673e-05,1.2811306977647834e-05
EREG,-1.8183486935685612e-05,8.125777118445145e-05
AC023509.2,-1.843565639780831e-05,7.2253400466015805e-06
ADAM20,-1.8773921002401827e-05,1.7421614812876063e-05
REN,-1.8801655760525283e-05,1.1036066394893194e-05
SLC38A11,-1.8887023380109725e-05,9.443511690054862e-06
AC010255.3,-1.8887023380109725e-05,9.443511690054862e-06
MAL,-1.8887023380109725e-05,9.443511690054862e-06
GPBAR1,-1.8887084178031977e-05,1.4165085141315534e-05
AC009570.1,-1.8929688118562993e-05,2.8410369073945824e-05
C1orf61,-1.8934466907039038e-05,9.468273577353195e-06
AC092053.3,-1.8934471955533992e-05,1.426055937564925e-05
LINC02193,-1.8977313871793022e-05,1.4693541572980665e-05
SLC9A2,-1.898191548246331e-05,1.4276811371811557e-05
AL606760.3,-1.8981981328880515e-05,2.071261461330822e-05
HIST2H3PS2,-1.9003233204140102e-05,1.3816638062991162e-05
LINC02352,-1.9024761232755426e-05,1.8418809631582086e-05
AC009309.1,-1.9029364057887576e-05,1.7832609977856614e-05
SLC39A12-AS1,-1.906792367620813e-05,6.3559745587360446e-06
CAMK2B,-1.917169463867552e-05,1.7870445683205446e-05
BASP1,-1.9175069131416312e-05,0.00011496583497387708
FAM71F1,-1.9176712536661534e-05,1.716843515643913e-05
AC016746.1,-1.9188266628755722e-05,1.8403228316182065e-05
AC090515.2,-1.9219057160091425e-05,1.4435019963067974e-05
TEX26-AS1,-1.921906220858638e-05,1.7946730834095638e-05
LINC00602,-1.921906220858638e-05,1.7946730834095638e-05
LINC02158,-1.9266571595544234e-05,9.633285797772117e-06
FBXO40,-1.9266571595544234e-05,9.633285797772117e-06
PNMA5,-1.9266571595544234e-05,9.633285797772117e-06
CARMN,-1.9314070865483757e-05,9.538878588036924e-06
DUSP5,-1.93514221742741e-05,3.514222139209278e-05
AC090589.2,-1.9405237273395493e-05,9.822962015204241e-06
HAS1,-1.9762761006814068e-05,6.878962799079135e-05
TRIM72,-1.9779623244375875e-05,9.552081591422184e-06
PXDNL,-1.980532545434732e-05,2.3821954261377204e-05
AC007952.4,-2.0360114871675884e-05,2.7566263178298144e-05
APOD,-2.0440212202255114e-05,9.539252131471994e-06
ODC1,-2.047027699683124e-05,7.154285037735406e-05
CYP26A1,-2.0844103080008836e-05,0.0
TIPARP,-2.0879782920790733e-05,5.009935638318486e-05
KISS1,-2.0962542929325867e-05,1.300686555707023e-05
AC087742.1,-2.1006082057306586e-05,7.80809150349171e-06
ADGRG1,-2.106527770928679e-05,4.117668033233141e-05
AC074138.1,-2.1087746750292346e-05,7.563097424534426e-06
AL513327.1,-2.116253246140509e-05,9.610395736287911e-06
AL354872.2,-2.1182633804150976e-05,7.5970312328829514e-06
DCAF4L2,-2.120038181148143e-05,7.225192240967182e-06
U73166.1,-2.123414417517511e-05,1.0664418092818834e-05
CA2,-2.124790130262344e-05,7.0826337675411464e-06
PPP1R3G,-2.124790130262344e-05,7.0826337675411464e-06
OR4D1,-2.124790130262344e-05,7.0826337675411464e-06
GSTO2,-2.124790130262344e-05,7.0826337675411464e-06
AC104662.1,-2.124790130262344e-05,7.0826337675411464e-06
PRSS2,-2.124790130262344e-05,7.0826337675411464e-06
IGHG4,-2.124790130262344e-05,7.0826337675411464e-06
AC006333.1,-2.124790130262344e-05,7.0826337675411464e-06
AC004448.2,-2.124790130262344e-05,7.0826337675411464e-06
RRAD,-2.1281701434705534e-05,1.066516031892386e-05
LINC00284,-2.1295344829552755e-05,7.09985745138089e-06
AL590708.1,-2.1295344829552755e-05,7.09985745138089e-06
AC117382.2,-2.129541067596996e-05,1.6600985884609448e-05
GJB3,-2.1342854202899274e-05,1.6608205774897824e-05
FAM214A,-2.1411006059435243e-05,2.4257601160651337e-05
MMP9,-2.1411559702078086e-05,1.6287514638194756e-05
PKD2L2,-2.1466345916909545e-05,6.152232858086341e-07
AC010719.1,-2.14719727848367e-05,2.0151880119389393e-05
AC009065.8,-2.1490198651474833e-05,6.3557417209869625e-06
AC021218.1,-2.1580005991128637e-05,7.19576868669511e-06
AL390728.6,-2.1580071831128756e-05,1.6642331911571575e-05
MB,-2.1618837096371023e-05,1.4713307521381044e-05
LINC01934,-2.1619235955694373e-05,1.2379448513979836e-05
LCMT1-AS2,-2.1674893044987264e-05,7.224964348329088e-06
AL162741.1,-2.1674893044987264e-05,7.224964348329088e-06
AC100861.2,-2.1674893044987264e-05,7.224964348329088e-06
GSDMA,-2.1674893044987264e-05,7.224964348329088e-06
GAL,-2.1674893044987264e-05,7.224964348329088e-06
AC036108.3,-2.1674893044987264e-05,7.2249643483290885e-06
NT5E,-2.17734037952666e-05,5.429963671420932e-05
RAB3C,-2.1774340352287425e-05,1.6748804541327348e-05
KRT16,-2.1917194222220714e-05,7.341360692932752e-06
AL451074.6,-2.2101784038053296e-05,1.2872361724771863e-05
HOTAIRM1,-2.2152367664507455e-05,3.646159522472079e-05
ASB15,-2.234050819938105e-05,1.3292826207161789e-05
COL1A1,-2.260620338597752e-05,2.2241155219591137e-05
SLC13A4,-2.2770284283823994e-05,1.3743801863689879e-05
VEGFA,-2.3098424077483414e-05,9.516014439922584e-05
CAPN12,-2.3206882608506342e-05,1.3066166867168336e-05
FKBP6,-2.3270993664825656e-05,6.2532354071165305e-06
AC009962.1,-2.34681747090959e-05,1.4714065719891787e-05
ANKRD37,-2.3532422384753283e-05,3.866901548614674e-05
CLDN4,-2.3543516775159647e-05,1.1026090072823716e-05
AL603756.1,-2.355680861143572e-05,2.1391471482044804e-05
AC090970.2,-2.359490453202051e-05,7.224968008701093e-06
EP300-AS1,-2.3608779225137155e-05,0.0
CCDC190,-2.3608779225137155e-05,0.0
LEP,-2.3608779225137155e-05,0.0
MTRNR2L4,-2.3608779225137155e-05,0.0
AL356488.2,-2.3608779225137155e-05,0.0
CXCR4,-2.3608779225137155e-05,0.0
RELN,-2.3608779225137155e-05,0.0
COL20A1,-2.3608779225137155e-05,0.0
CGA,-2.3608779225137155e-05,0.0
AC097724.1,-2.3608779225137155e-05,0.0
PIGR,-2.3608779225137155e-05,0.0
AC011247.1,-2.3608779225137155e-05,0.0
FAM177B,-2.3608779225137155e-05,0.0
NGFR,-2.364246684474214e-05,1.287248558722467e-05
SERINC4,-2.364246684474214e-05,1.287248558722467e-05
AC245140.2,-2.3656227800561426e-05,1.0664687500790606e-05
AL132780.2,-2.3656227800561426e-05,1.0664687500790606e-05
AC139100.1,-2.3656227800561426e-05,1.0664687500790606e-05
AL160272.1,-2.38505508446063e-05,1.1109313143393787e-05
TTYH1,-2.3875735196277058e-05,1.0920964165342526e-05
AC073263.1,-2.389852514941282e-05,1.0139045762647573e-05
AL136295.6,-2.389852514941282e-05,1.0139045762647573e-05
ERO1B,-2.3979734052836933e-05,2.207702218723636e-05
SERPINA1,-2.4035776015995935e-05,1.0664687321118462e-05
MOGAT3,-2.4035776015995935e-05,1.0664687321118462e-05
WNT9A,-2.40795347220879e-05,1.4990298269850405e-05
LINC01449,-2.4083214494430294e-05,0.0
TPSB2,-2.4083214494430294e-05,0.0
AL137077.2,-2.4083214494430294e-05,0.0
RASL10A,-2.426472698567883e-05,1.4591640558599327e-05
CPNE9,-2.432544478386811e-05,1.0794686322769631e-05
TCAP,-2.448442559666031e-05,2.3177402006437676e-05
SULF2,-2.4698170801795704e-05,2.824370709435379e-05
BIRC5,-2.4925770691508475e-05,4.654090562282223e-05
S100A3,-2.519309574600115e-05,5.6192175663273065e-05
INSL4,-2.5209543084492303e-05,0.0
ARL4C,-2.5213019274883397e-05,7.521482599378037e-05
NEK10,-2.549882008339166e-05,1.2869193852836647e-05
AC110769.2,-2.5693717216734858e-05,4.57303366418164e-05
NPIPB15,-2.5951848321592585e-05,1.6964805211722615e-05
S100A7,-2.6003227201587542e-05,9.633290678268125e-06
CENPA,-2.601021860579866e-05,7.337694623032766e-05
PGGHG,-2.601710572307514e-05,7.224979493813954e-06
AC004771.4,-2.601710572307514e-05,7.224979493813954e-06
NHLH2,-2.601710572307514e-05,7.224979493813954e-06
NOG,-2.601710572307514e-05,7.224979493813955e-06
CHRNB4,-2.601710572307514e-05,7.224979493813955e-06
AD000671.3,-2.606455429849941e-05,1.2872736494335e-05
KLHL15,-2.606455429849941e-05,1.2872736494335e-05
PAQR6,-2.6089205720214447e-05,1.274402592316085e-05
AC083973.1,-2.612985111430932e-05,7.563215667516498e-06
DDIT4-AS1,-2.6186594589550084e-05,1.09206879380139e-05
AC023157.3,-2.621069024574263e-05,5.333783180004152e-05
C6orf141,-2.638882870524828e-05,6.131659346065918e-05
AL442128.2,-2.6444097465438965e-05,7.082648913026013e-06
AL590999.1,-2.6444097465438965e-05,7.082648913026013e-06
LINC00943,-2.649128855219951e-05,5.936731030031377e-05
MEG9,-2.649146505607769e-05,7.224751684942187e-06
ITGBL1,-2.667304843512186e-05,1.2175449030611084e-05
AC010422.2,-2.6685734991316323e-05,7.807561490658088e-06
DNAJC18,-2.6738880259835618e-05,2.1896609557220202e-05
VCAM1,-2.6752778187599802e-05,4.236826849283118e-05
HIST3H2A,-2.6838978981025274e-05,4.404264133793581e-05
AC025164.1,-2.6879934038759323e-05,1.3625004240846307e-05
AL109613.1,-2.696212948792853e-05,1.2594903090307375e-05
ASIC3,-2.6980198860460104e-05,8.384081310979901e-06
SLC6A4,-2.755255902578968e-05,2.0094706057200212e-05
AL049629.1,-2.7593587619689776e-05,1.2100208705360597e-05
SYP,-2.7684305846875645e-05,1.2354603475537737e-05
NOMO3,-2.8178840486825506e-05,1.8003502028347882e-05
AC004771.5,-2.8378044463495123e-05,9.539119018706687e-06
AC011294.1,-2.8425432221013124e-05,9.633305991751938e-06
MAPK10,-2.864968713459648e-05,2.5967330250183443e-05
CALB2,-2.8667200012111316e-05,9.539267592610947e-06
AC120193.1,-2.8993450628933547e-05,1.8024671410869595e-05
CYP1B1,-2.9028500840044825e-05,5.786572512412259e-05
RND3,-2.9308916035952758e-05,6.253176531446115e-05
AC004817.3,-2.947614083897987e-05,5.196554302559165e-05
AL645608.8,-3.0073584227696682e-05,1.4355561611641e-05
PNMT,-3.0220518178536438e-05,1.0031365595155814e-05
PLK1,-3.0382115749394422e-05,4.871908597228804e-05
SLC35F3,-3.053087275646238e-05,1.7621612149283377e-05
MCPH1-AS1,-3.0768501317468556e-05,1.8921778421608307e-05
AL357556.4,-3.0833687824016745e-05,1.542062554813028e-05
AC016705.1,-3.0889446292059476e-05,1.4388333977507339e-05
AC020765.2,-3.0899241832138546e-05,2.1645869745564032e-05
S100A9,-3.114288072637583e-05,3.687403816549441e-05
AKR1C1,-3.160355854237018e-05,2.594442981963249e-05
FERMT1,-3.247286967690277e-05,2.753696001731287e-05
COL7A1,-3.2554866732992235e-05,5.072626635177144e-05
ZFP36,-3.3056951981658146e-05,5.4991652562343716e-05
DDX10,-3.334922316623467e-05,0.00013111396743487893
H2AFX,-3.347953414222227e-05,3.313057130045885e-05
AC132192.2,-3.3671065186635654e-05,4.6161848937046895e-05
CYR61,-3.382376601952508e-05,4.0394162692591746e-05
EGR1,-3.3925808652923714e-05,3.5622411202777e-05
GPRC5C,-3.39597722793461e-05,5.088925840402199e-05
BMP2,-3.47648078756091e-05,1.9141661236624597e-05
GADD45A,-3.518171764897993e-05,3.292728774905384e-05
MEG8,-3.5495140488761566e-05,1.1743971360684371e-05
GOLGA8B,-3.5648021745282585e-05,2.8389593398231792e-05
FRZB,-3.6314226473233015e-05,1.912225866891734e-05
AL121772.3,-3.6870965843860406e-05,9.63400404465631e-06
SERINC2,-3.7864270483845e-05,6.713034481410757e-05
HIST1H2BJ,-3.8088074202691224e-05,2.4703080217745373e-05
AC097065.2,-3.819676945286954e-05,1.009803369556397e-05
ITGA1,-3.84907910061627e-05,3.366161558413437e-05
IL24,-3.867996578190702e-05,1.7670734267962657e-05
SMURF2,-3.890792646266128e-05,3.0746807610568095e-05
TMEM132D-AS1,-3.918427627080945e-05,1.2777445837298913e-05
PBK,-3.964521234366414e-05,0.00011408282465846202
TRBC2,-4.007321194288149e-05,1.4164744549627352e-05
MYOZ3,-4.0135350408077033e-05,1.0819180489128266e-05
ITGA2,-4.02103481131233e-05,5.694926025150575e-05
IFI30,-4.046394864316571e-05,3.6109670081646145e-05
SERTAD1,-4.0574594900189e-05,2.8341356994041715e-05
SH3BP5-AS1,-4.0749129479822344e-05,1.5404347034043487e-05
AC016831.7,-4.077802729512969e-05,3.476533292200539e-05
MEG3,-4.0893529947527704e-05,1.5398962762831305e-05
NEDD4L,-4.126888114204252e-05,6.677952683203636e-05
TACC3,-4.1413245353627556e-05,7.742979481741115e-05
ICAM5,-4.1454827420828176e-05,2.379632835669975e-05
SNHG15,-4.184889321295904e-05,3.404926979690931e-05
C5AR2,-4.2092015363948133e-05,7.082637427979766e-06
CLSPN,-4.21500432438493e-05,4.732186040700897e-05
TUBB4B,-4.235901632463346e-05,6.726715831410976e-05
C1orf116,-4.249628914849701e-05,9.443754961679929e-06
LINC02054,-4.249634996640328e-05,1.4165449988801093e-05
AP005899.1,-4.2836521326128366e-05,1.532428549135757e-05
AC098617.1,-4.286148588855676e-05,7.224968008701093e-06
GZMA,-4.2881407484895996e-05,2.530240970089352e-05
SDF2L1,-4.3066212333109365e-05,6.784878247203684e-05
NEK2,-4.309032211173847e-05,6.824890978705651e-05
CTGF,-4.317787886145563e-05,5.528954403492586e-05
AC090192.2,-4.3349148099813827e-05,1.4449716033271275e-05
NDUFA4L2,-4.343478333399542e-05,1.3948354656533283e-05
ID4,-4.38749767061486e-05,2.352060841306817e-05
UBE2S,-4.423234483442728e-05,9.485034256709986e-05
LINC02154,-4.4697016573780335e-05,7.563450166669928e-06
NPIPB6,-4.474440433129834e-05,7.580562783511594e-06
AC097634.1,-4.4791797130938614e-05,1.309343684858371e-05
MSMO1,-4.481669287923484e-05,4.393354805406958e-05
TNFAIP3,-4.494196486166668e-05,3.913784757301906e-05
AC010359.1,-4.509770273368741e-05,1.0030849324734407e-05
RAD21-AS1,-4.529202699785628e-05,9.632784930868609e-06
PAEP,-4.5473258970518685e-05,1.980082323416021e-05
GOLGA8A,-4.556611744997996e-05,3.200884307494818e-05
AC008105.3,-4.605292539242578e-05,1.0558562358775567e-05
ERRFI1,-4.6306433300580264e-05,4.074366953474727e-05
NTS,-4.6976799048104036e-05,1.278792270445416e-05
TGFB2,-4.746945553731896e-05,4.6226453830940345e-05
S100A2,-4.767796133979818e-05,4.904436691170468e-05
AC005614.1,-4.839114290666746e-05,1.5589983449141187e-05
MAPK8IP3,-4.871300729542005e-05,2.6237826715025528e-05
HSPA6,-4.9143471233070726e-05,1.0066828716036766e-05
AC005899.7,-4.915582206662661e-05,1.5098276337311542e-05
DDIT4,-4.9353602511370555e-05,6.588869526142683e-05
CLNK,-4.9626498169397236e-05,7.2249946201807795e-06
BTG1,-5.012465603037031e-05,0.00010740539826594257
AMTN,-5.0271253564637684e-05,1.5936306592912002e-05
AL355075.4,-5.0526608123269146e-05,7.082664037094677e-06
KCNK1,-5.0755366657162515e-05,3.065997585373213e-05
TNFRSF11B,-5.091397195773339e-05,6.362013611985254e-05
HMGB2,-5.1871876881992574e-05,6.179640550707733e-05
AC112907.3,-5.227654433470619e-05,1.4625060475267368e-05
SORBS1,-5.263770738814788e-05,2.3338905310414642e-05
FLRT2,-5.462780605763884e-05,3.967744861897431e-05
CITED2,-5.476882231908453e-05,5.055004199402189e-05
PDGFA,-5.52510683433316e-05,0.00012638217442135716
AREG,-5.656189943430423e-05,5.0772790805712724e-05
LAMA5,-5.736072987745366e-05,4.549565547107417e-05
CTNNB1,-5.8909321106026535e-05,6.116578458684082e-05
IL13RA2,-5.901468564328827e-05,1.862997664622265e-05
PCDH10,-5.903423899848992e-05,1.1433180638061228e-05
AP002884.1,-5.96173769478292e-05,3.913307371455611e-05
AC069185.1,-5.992279258208999e-05,1.1852564876014319e-05
IL11,-6.013732600622657e-05,5.3158591603638516e-05
ASNS,-6.0425224483851014e-05,4.17122317107693e-05
MT-ND6,-6.0656630602429205e-05,8.391272818301007e-05
AC133550.2,-6.149487543095633e-05,3.2965764999075954e-05
CREBRF,-6.183020820115237e-05,5.876977417768829e-05
FAM124A,-6.310711802983703e-05,3.7107113529839876e-05
SMOX,-6.356056972743885e-05,5.9054472509482896e-05
MSMP,-6.400723588874113e-05,9.502383425254107e-05
PCNA,-6.47899031596677e-05,3.9760209791437205e-05
COL6A1,-6.546582202916484e-05,7.054780025142876e-05
KRT19,-6.625318022139837e-05,3.4394011047096035e-05
H1FX,-6.789249962005917e-05,8.445736644071003e-05
HIST1H4C,-6.828087882425616e-05,5.8036090747909395e-05
SLC16A4,-7.07433378989486e-05,5.805902789829977e-05
GCNA,-7.087549437408968e-05,1.41995885283297e-07
INSIG1,-7.141650752257034e-05,2.8816135644329763e-05
KDM6B,-7.206026707062829e-05,3.467712315053187e-05
CEMIP,-7.218907276143049e-05,2.4051253907882865e-05
SFRP1,-7.227980441923965e-05,6.980606202305427e-05
BX284668.6,-7.560989870053492e-05,8.89887819175638e-06
IL37,-8.435340093381205e-05,3.131698371508562e-05
TIMP1,-8.56740787531507e-05,0.00010346883439534448
DKK1,-8.576199508092408e-05,6.989943742860742e-05
NORAD,-8.588920244633203e-05,4.980291124800857e-05
IER2,-8.716096451441002e-05,4.026464873701278e-05
TAF7,-8.941848035279865e-05,8.117535322760654e-05
CDC20,-9.185715728941002e-05,0.00013633861367571016
GPRC5A,-9.368715340605239e-05,7.90673121348561e-05
CDKN3,-9.650963304624893e-05,5.350520608477807e-05
SOX4,-9.744785864398419e-05,0.00011786374331492883
CCNB1,-9.753971649660853e-05,8.2545734367302e-05
PTX3,-0.00010267485318450342,4.7872377609172384e-05
RHOB,-0.00010690756687764535,5.575151363675326e-05
MT-ATP8,-0.00011501807693334865,8.615681246896258e-05
ANXA10,-0.00011966735317362476,9.22743606285163e-05
ZNF844,-0.0001206944989141867,1.975021083758176e-05
PRSS3,-0.00012146295388221207,4.5426677264107516e-05
CCL2,-0.0001289365292753253,4.07291446828699e-05
HMGB3,-0.00017309748234117794,8.051493452489103e-05
LINC01089,-0.0002047213667205505,4.831723763308284e-05
